step,system_total_stopped,system_total_waiting_time,system_mean_waiting_time,system_mean_speed,J11_stopped,J11_accumulated_waiting_time,J11_average_speed,agents_total_stopped,agents_total_accumulated_waiting_time
0.0,0,0.0,0.0,0.0,0,0.0,1.0,0,0.0
5.0,0,0.0,0.0,0.0,0,0.0,1.0,0,0.0
10.0,0,0.0,0.0,0.0,0,0.0,1.0,0,0.0
15.0,0,0.0,0.0,0.0,0,0.0,1.0,0,0.0
20.0,0,0.0,0.0,0.0,0,0.0,1.0,0,0.0
25.0,0,0.0,0.0,0.0,0,0.0,1.0,0,0.0
30.0,0,0.0,0.0,0.0,0,0.0,1.0,0,0.0
35.0,0,0.0,0.0,0.0,0,0.0,1.0,0,0.0
40.0,0,0.0,0.0,0.0,0,0.0,1.0,0,0.0
45.0,0,0.0,0.0,0.0,0,0.0,1.0,0,0.0
50.0,0,0.0,0.0,0.0,0,0.0,1.0,0,0.0
55.0,0,0.0,0.0,0.0,0,0.0,1.0,0,0.0
60.0,0,0.0,0.0,0.0,0,0.0,1.0,0,0.0
65.0,0,0.0,0.0,0.0,0,0.0,1.0,0,0.0
70.0,0,0.0,0.0,0.0,0,0.0,1.0,0,0.0
75.0,0,0.0,0.0,0.0,0,0.0,1.0,0,0.0
80.0,0,0.0,0.0,0.0,0,0.0,1.0,0,0.0
85.0,0,0.0,0.0,0.0,0,0.0,1.0,0,0.0
90.0,0,0.0,0.0,0.0,0,0.0,1.0,0,0.0
95.0,0,0.0,0.0,0.0,0,0.0,1.0,0,0.0
100.0,0,0.0,0.0,0.0,0,0.0,1.0,0,0.0
105.0,0,0.0,0.0,0.0,0,0.0,1.0,0,0.0
110.0,0,0.0,0.0,0.0,0,0.0,1.0,0,0.0
115.0,0,0.0,0.0,5.277761303004809,0,0.0,0.3935865095743099,0,0.0
120.0,0,0.0,0.0,12.23208498239661,0,0.0,0.9122018516253897,0,0.0
125.0,0,0.0,0.0,12.51950636780499,0,0.0,0.9336361631383963,0,0.0
130.0,0,0.0,0.0,11.981289134543896,0,0.0,0.8934988719518147,0,0.0
135.0,0,0.0,0.0,12.72657860030564,0,0.0,0.9490784752363856,0,0.0
140.0,0,0.0,0.0,13.385296931091272,0,0.0,1.0,0,0.0
145.0,0,0.0,0.0,12.213344563331031,0,0.0,1.0,0,0.0
150.0,0,0.0,0.0,12.452364380654455,0,0.0,1.0,0,0.0
155.0,1,0.0,0.0,6.332106145772405,1,0.0,0.0,1,0.0
160.0,0,0.0,0.0,11.691424066350583,0,0.0,0.8540125556758156,0,0.0
165.0,0,0.0,0.0,12.295407380654455,0,0.0,0.9277837915584096,0,0.0
170.0,0,0.0,0.0,12.50725529154481,0,0.0,0.9437693585196827,0,0.0
175.0,0,0.0,0.0,11.90813329324776,0,0.0,0.8985609598080898,0,0.0
180.0,2,0.0,0.0,3.424317805299669,2,0.0,0.25839132112862073,2,0.0
185.0,0,0.0,0.0,12.418252201782531,0,0.0,0.8885049364544626,0,0.0
190.0,0,0.0,0.0,12.889738380187806,0,0.0,0.9566218402218274,0,0.0
195.0,0,0.0,0.0,12.830367564783115,0,0.0,0.9398760189404443,0,0.0
200.0,0,0.0,0.0,12.026181401289529,0,0.0,0.8899459369177635,0,0.0
205.0,0,0.0,0.0,8.36055848774371,0,0.0,0.5530273674885207,0,0.0
210.0,1,3.0,0.6,7.805376051522311,1,3.0,0.5259983736633871,1,3.0
215.0,1,8.0,1.6,9.666399512033125,1,8.0,0.6870565303035818,1,8.0
220.0,1,13.0,2.6,9.867676635373531,1,13.0,0.7248885475156337,1,13.0
225.0,1,18.0,3.6,9.356688767683178,1,18.0,0.5989553882449363,1,18.0
230.0,0,0.0,0.0,11.638727693176643,0,0.0,0.8667995139870401,0,0.0
235.0,0,0.0,0.0,11.62409028950169,0,0.0,0.737930803690048,0,0.0
240.0,0,0.0,0.0,11.92138457224964,0,0.0,1.0,0,0.0
245.0,1,0.0,0.0,10.086237142470813,1,0.0,0.0,1,0.0
250.0,0,0.0,0.0,12.532351070502774,0,0.0,0.9627826902144354,0,0.0
255.0,0,0.0,0.0,12.412572326712931,0,0.0,0.9820955955044856,0,0.0
260.0,0,0.0,0.0,12.158644663860711,0,0.0,0.9333630960431325,0,0.0
265.0,0,0.0,0.0,8.514048806449864,0,0.0,0.6467789006758637,0,0.0
270.0,0,0.0,0.0,8.440615107200678,0,0.0,0.6725827426390923,0,0.0
275.0,0,0.0,0.0,11.705668970664124,0,0.0,0.9144603545247755,0,0.0
280.0,0,0.0,0.0,9.646911682438944,0,0.0,0.7343266571639043,0,0.0
285.0,0,0.0,0.0,11.425436927377152,0,0.0,0.923761793802515,0,0.0
290.0,0,0.0,0.0,10.743842648744971,0,0.0,0.852469598740198,0,0.0
295.0,2,2.0,0.2857142857142857,7.962200064423328,2,2.0,0.5830097712442324,2,2.0
300.0,3,7.0,0.7777777777777778,7.8941677709727065,3,7.0,0.56335680742745,3,7.0
305.0,1,12.0,1.3333333333333333,10.840089626318278,1,12.0,0.7965276040755309,1,12.0
310.0,1,17.0,1.8888888888888888,9.943361200581869,1,17.0,0.6930870320182079,1,17.0
315.0,3,29.0,2.9,7.080095239659744,3,29.0,0.5055162660788601,3,29.0
320.0,0,0.0,0.0,8.799931554739885,0,4.0,0.6493068891907017,0,4.0
325.0,0,0.0,0.0,12.008737622630028,0,0.0,0.9324462301179987,0,0.0
330.0,0,0.0,0.0,11.031153660061916,0,0.0,0.7684944197895501,0,0.0
335.0,1,4.0,0.36363636363636365,10.94465704490739,1,4.0,0.7751035696862548,1,4.0
340.0,1,9.0,0.75,8.402632173917334,1,9.0,0.4209639611398979,1,9.0
345.0,4,23.0,1.7692307692307692,7.324726995078302,4,23.0,0.25126589442729436,4,23.0
350.0,4,43.0,4.3,6.344875057640033,4,43.0,0.38732034681646593,4,43.0
355.0,4,63.0,7.0,6.382739833126812,4,63.0,0.4768257908488101,4,63.0
360.0,4,83.0,9.222222222222221,6.519942516753486,4,83.0,0.4844385945701328,4,83.0
365.0,0,0.0,0.0,9.593998242932313,0,18.0,0.7769226215455186,0,18.0
370.0,2,2.0,0.2,9.401223537290596,2,2.0,0.5713685468175197,2,2.0
375.0,2,7.0,0.6363636363636364,8.719332278783561,2,7.0,0.46711843239022105,2,7.0
380.0,3,17.0,1.3076923076923077,8.863319800132718,3,17.0,0.4661219551384053,3,17.0
385.0,2,27.0,1.9285714285714286,9.636190402194098,2,27.0,0.5866748978721906,2,27.0
390.0,2,37.0,2.8461538461538463,9.1510070809548,2,37.0,0.5803258143605354,2,37.0
395.0,2,47.0,3.6153846153846154,10.067712257450532,2,47.0,0.6854479028141578,2,47.0
400.0,3,57.0,4.384615384615385,9.234347979562374,3,57.0,0.6241227785793604,3,57.0
405.0,4,71.0,4.733333333333333,7.624197424531387,4,71.0,0.47614381005024575,4,71.0
410.0,1,6.0,0.42857142857142855,10.85659609637493,1,6.0,0.810725075224247,1,6.0
415.0,2,13.0,0.9285714285714286,9.592969973323909,2,13.0,0.5411087366715934,2,13.0
420.0,4,30.0,2.142857142857143,7.854393853366584,4,30.0,0.40934803086038185,4,30.0
425.0,5,50.0,3.3333333333333335,7.84436192645555,5,50.0,0.41318212543692995,5,50.0
430.0,7,74.0,4.352941176470588,7.06201317553192,7,74.0,0.32113325145030275,7,74.0
435.0,5,99.0,7.615384615384615,7.1859520436947,5,99.0,0.458315137530127,5,99.0
440.0,5,124.0,10.333333333333334,6.825394522072359,5,124.0,0.4234710737459418,5,124.0
445.0,5,149.0,12.416666666666666,6.34198818197612,5,149.0,0.3365901672463744,5,149.0
450.0,6,178.0,13.692307692307692,5.763505023104069,6,178.0,0.3003006691320812,6,178.0
455.0,1,0.0,0.0,7.75254184445119,1,41.0,0.4657166498160102,1,41.0
460.0,2,2.0,0.125,9.30529370838196,2,2.0,0.531007354535305,2,2.0
465.0,1,7.0,0.4117647058823529,10.389610485967662,1,7.0,0.6710889922707117,1,7.0
470.0,2,12.0,0.5714285714285714,9.838106053167463,2,12.0,0.6456444479171003,2,12.0
475.0,1,17.0,0.7727272727272727,10.915638261379156,1,17.0,0.7811748261831802,1,17.0
480.0,2,25.0,1.25,9.958389391307923,2,25.0,0.7120608187448207,2,25.0
485.0,3,38.0,2.235294117647059,9.435003086499238,3,38.0,0.6908657789557847,3,38.0
490.0,3,53.0,3.3125,7.764158475570663,3,53.0,0.574099026097093,3,53.0
495.0,4,71.0,3.9444444444444446,6.88716003828981,4,71.0,0.37697657835265475,4,71.0
500.0,0,0.0,0.0,8.92725177628439,0,6.0,0.6114675561537554,0,6.0
505.0,4,7.0,0.3684210526315789,9.364290754214172,4,7.0,0.47671361346069513,4,7.0
510.0,4,22.0,1.1,9.916793258716016,4,22.0,0.513558164068602,4,22.0
515.0,5,37.0,1.7619047619047619,8.03205933100362,5,37.0,0.3608668672508723,5,37.0
520.0,7,59.0,2.6818181818181817,7.391964706123435,7,59.0,0.39626215363586154,7,59.0
525.0,6,89.0,4.45,7.947451492900866,6,89.0,0.5138449399959324,6,89.0
530.0,8,123.0,6.15,6.995466437592654,8,123.0,0.47645858492413695,8,123.0
535.0,8,163.0,9.055555555555555,6.910667516643866,8,163.0,0.5121248041794195,8,163.0
540.0,8,203.0,10.68421052631579,5.775650781621704,8,203.0,0.40194119988121607,8,203.0
545.0,3,5.0,0.25,5.997872681323877,3,124.0,0.362064048398684,3,124.0
550.0,3,15.0,0.75,8.616749588261168,3,48.0,0.439769580248024,3,48.0
555.0,7,36.0,1.44,7.326193642405366,7,38.0,0.2955018508486185,7,38.0
560.0,5,61.0,2.103448275862069,8.848564141824772,5,61.0,0.49442687290953935,5,61.0
565.0,5,86.0,2.8666666666666667,10.41099314275049,5,86.0,0.6632897201700717,5,86.0
570.0,5,111.0,3.7,9.205431069205027,5,111.0,0.5861791470121923,5,111.0
575.0,7,139.0,5.346153846153846,8.97640442057897,7,139.0,0.6263610152578879,7,139.0
580.0,6,169.0,6.76,8.906718171637273,6,169.0,0.603012121772757,6,169.0
585.0,9,203.0,8.12,6.519120967294619,9,203.0,0.35574712109176704,9,203.0
590.0,3,14.0,0.6086956521739131,6.748729029381452,3,75.0,0.36906688500943274,3,75.0
595.0,4,26.0,1.0833333333333333,9.088819015543423,4,29.0,0.4264280827327203,4,29.0
600.0,4,46.0,1.7692307692307692,9.664742082380554,4,46.0,0.4929307830332544,4,46.0
605.0,4,66.0,2.4444444444444446,9.01915506986749,4,66.0,0.40158786069007985,4,66.0
610.0,5,88.0,2.933333333333333,8.7461468030449,5,88.0,0.5077758081195305,5,88.0
615.0,5,113.0,3.2285714285714286,9.135325989892072,5,113.0,0.5692604263034627,5,113.0
620.0,7,138.0,3.942857142857143,9.474059356001497,7,138.0,0.6587100433438733,7,138.0
625.0,7,168.0,4.666666666666667,9.185907992686674,7,168.0,0.634511895385933,7,168.0
630.0,9,205.0,5.694444444444445,7.619545283547852,9,205.0,0.5526626273036851,9,205.0
635.0,5,15.0,0.39473684210526316,7.438859654680155,5,70.0,0.5234073962802184,5,70.0
640.0,6,31.0,0.7560975609756098,7.505985391626254,6,45.0,0.4566791808447944,6,45.0
645.0,7,66.0,1.5714285714285714,9.059220480140898,7,71.0,0.5645976695064032,7,71.0
650.0,11,104.0,2.260869565217391,8.352824827444852,11,105.0,0.4384404432944808,11,105.0
655.0,11,154.0,3.347826086956522,8.213057242894338,11,154.0,0.38545535252354823,11,154.0
660.0,14,223.0,5.186046511627907,8.187339118006628,14,223.0,0.37892901176605065,14,223.0
665.0,16,294.0,7.538461538461538,7.147240522521235,16,294.0,0.2842270219227393,16,294.0
670.0,16,373.0,10.657142857142857,6.051750240920222,16,373.0,0.2727921740131073,16,373.0
675.0,17,456.0,13.028571428571428,5.2498341251254,17,456.0,0.24502418251303879,17,456.0
680.0,12,146.0,3.945945945945946,5.619577142781905,12,349.0,0.2790604454653321,12,349.0
685.0,3,17.0,0.5,8.730518921800702,3,204.0,0.5366275318810261,3,204.0
690.0,3,32.0,0.8888888888888888,10.01767792933759,3,95.0,0.6235343067592779,3,95.0
695.0,4,49.0,1.3243243243243243,10.019323748527308,4,58.0,0.6370208935614867,4,58.0
700.0,6,74.0,1.8974358974358974,9.133027455405541,6,74.0,0.4732748819891123,6,74.0
705.0,8,102.0,2.55,8.875015649127505,8,102.0,0.4445843159430113,8,102.0
710.0,9,138.0,3.6315789473684212,8.852004281672563,9,138.0,0.511385161777009,9,138.0
715.0,9,181.0,4.641025641025641,9.023252288489289,9,181.0,0.5498277890032202,9,181.0
720.0,11,227.0,5.973684210526316,7.771311749537248,11,227.0,0.4877893895998398,11,227.0
725.0,5,24.0,0.6486486486486487,7.561122979047743,5,132.0,0.508363266880166,5,132.0
730.0,6,34.0,0.918918918918919,8.435535645609509,6,64.0,0.5795723545603602,6,64.0
735.0,9,68.0,1.7435897435897436,8.409890271005569,9,68.0,0.5075064745426283,9,68.0
740.0,10,116.0,3.0526315789473686,8.347890303765961,10,116.0,0.4706010617098732,10,116.0
745.0,12,171.0,4.071428571428571,7.739844394127255,12,171.0,0.37425616603477285,12,171.0
750.0,14,238.0,5.666666666666667,7.401705163142799,14,238.0,0.34324312028162524,14,238.0
755.0,17,317.0,8.128205128205128,6.553144132819915,17,317.0,0.2829873463360727,17,317.0
760.0,17,402.0,10.578947368421053,6.283291318571294,17,402.0,0.2940929087022672,17,402.0
765.0,19,489.0,13.583333333333334,5.5287242559018726,19,489.0,0.30205038717219973,19,489.0
770.0,9,168.0,4.8,6.370859418773991,9,429.0,0.371319111873957,9,429.0
775.0,3,10.0,0.2857142857142857,7.805584330159193,3,229.0,0.4380500553200044,3,229.0
780.0,5,24.0,0.6857142857142857,8.134882676941379,5,159.0,0.4461373385950147,5,159.0
785.0,4,44.0,1.1578947368421053,9.142241975014388,4,74.0,0.5099820408640922,4,74.0
790.0,9,70.0,1.627906976744186,8.648552956021973,9,70.0,0.4273661261756764,9,70.0
795.0,8,105.0,2.3333333333333335,9.540356920928078,8,105.0,0.5272645061575397,8,105.0
800.0,8,141.0,3.525,9.436304232074175,8,141.0,0.5745583196197381,8,141.0
805.0,9,184.0,4.717948717948718,9.106295362901559,9,184.0,0.589865160944855,9,184.0
810.0,12,231.0,5.923076923076923,7.243191914520032,12,231.0,0.4428687113797463,12,231.0
815.0,4,19.0,0.5,6.667441757639224,4,158.0,0.4542625888066428,4,158.0
820.0,5,21.0,0.525,7.9955196004825755,5,47.0,0.5365317938759696,5,47.0
825.0,5,41.0,0.9318181818181818,9.299297666750086,5,46.0,0.6372949762499033,5,46.0
830.0,6,65.0,1.4444444444444444,9.656685604300234,6,65.0,0.6030811983631722,6,65.0
835.0,9,100.0,2.127659574468085,9.091534111590208,9,100.0,0.4919896583497651,9,100.0
840.0,12,148.0,3.0833333333333335,7.8522623701709096,12,148.0,0.4008503349180407,12,148.0
845.0,14,212.0,4.51063829787234,7.471271670823558,14,212.0,0.4066960936829534,14,212.0
850.0,17,288.0,6.260869565217392,7.223871947695715,17,288.0,0.4181834945421493,17,288.0
855.0,19,373.0,8.477272727272727,6.092387511972769,19,373.0,0.37609027561695735,19,373.0
860.0,11,121.0,2.574468085106383,6.903730542451499,11,274.0,0.4542848788248091,11,274.0
865.0,7,29.0,0.5918367346938775,7.86106210224239,7,172.0,0.5165720812686445,7,172.0
870.0,4,27.0,0.5094339622641509,8.647748703237758,4,103.0,0.5537873003590755,4,103.0
875.0,9,58.0,1.0357142857142858,9.072128573044319,9,95.0,0.5937665510704635,9,95.0
880.0,10,102.0,1.7894736842105263,8.83133672836284,10,109.0,0.553971681075008,10,109.0
885.0,15,167.0,2.982142857142857,8.507007927255021,15,167.0,0.49647373237727777,15,167.0
890.0,16,242.0,4.245614035087719,7.684859527797602,16,242.0,0.42549955971095754,16,242.0
895.0,22,331.0,5.910714285714286,6.688020651514194,22,331.0,0.34163325989004856,22,331.0
900.0,23,437.0,7.803571428571429,6.073281597688679,23,437.0,0.2933014064004887,23,437.0
905.0,18,220.0,3.8596491228070176,5.741553670597115,18,394.0,0.3234742430864971,18,394.0
910.0,12,110.0,1.7741935483870968,7.354639188438111,12,342.0,0.44914868823870346,12,342.0
915.0,9,58.0,0.8787878787878788,7.863998770748839,9,282.0,0.4882230214842515,9,282.0
920.0,9,85.0,1.2686567164179106,8.591668301320603,9,200.0,0.5702879398275739,9,200.0
925.0,10,131.0,1.955223880597015,9.038831618659707,10,192.0,0.5701945929844727,10,192.0
930.0,14,191.0,2.8507462686567164,8.097248712923133,14,216.0,0.44814045181510037,14,216.0
935.0,19,273.0,4.074626865671642,7.567258397661606,19,276.0,0.3831500225741314,19,276.0
940.0,21,373.0,5.405797101449275,7.1909221586254555,21,373.0,0.3241811770513484,21,373.0
945.0,26,492.0,7.343283582089552,6.702781584746347,26,492.0,0.3029761993059546,26,492.0
950.0,20,252.0,4.064516129032258,7.055946268129348,20,433.0,0.36886888771962323,20,433.0
955.0,12,132.0,2.2,7.075880323817776,12,379.0,0.38375107712627116,12,379.0
960.0,8,65.0,1.1607142857142858,7.3414434665238,8,307.0,0.41024863025907915,8,307.0
965.0,10,100.0,1.8181818181818181,7.255535480195639,10,243.0,0.3847028520939366,10,243.0
970.0,13,158.0,2.6779661016949152,7.770961023478386,13,227.0,0.4354507731494868,13,227.0
975.0,14,223.0,3.716666666666667,8.223333911796136,14,242.0,0.4942886495763775,14,242.0
980.0,15,290.0,4.915254237288136,7.956909350167387,15,290.0,0.46768321832585663,15,290.0
985.0,16,363.0,6.1525423728813555,8.166814982186208,16,363.0,0.4615743259770886,16,363.0
990.0,16,440.0,7.857142857142857,7.7182800703029875,16,440.0,0.41734164305858534,16,440.0
995.0,13,132.0,2.2758620689655173,7.059023560330599,13,333.0,0.36448757525033454,13,333.0
1000.0,9,29.0,0.5087719298245614,7.727924595418563,9,201.0,0.43072774217855586,9,201.0
1005.0,4,25.0,0.423728813559322,8.979619754305936,4,120.0,0.5706009552015611,4,120.0
1010.0,6,47.0,0.8103448275862069,9.417233528383674,6,68.0,0.6022681187818568,6,68.0
1015.0,6,77.0,1.375,9.783111871847685,6,81.0,0.6234206659254116,6,81.0
1020.0,11,115.0,1.9166666666666667,9.096149874405894,11,115.0,0.5231648759154085,11,115.0
1025.0,13,163.0,2.76271186440678,8.81286470198135,13,163.0,0.4990855809187851,13,163.0
1030.0,16,227.0,3.661290322580645,8.02345285818604,16,227.0,0.46399684177523526,16,227.0
1035.0,16,302.0,4.870967741935484,8.213831127363356,16,302.0,0.5101614949814567,16,302.0
1040.0,9,72.0,1.1428571428571428,7.931509386331591,9,215.0,0.5102845152632823,9,215.0
1045.0,6,31.0,0.484375,8.265649078999887,6,125.0,0.5285449446021724,6,125.0
1050.0,10,67.0,1.046875,7.7354174337191,10,98.0,0.47534129267041453,10,98.0
1055.0,12,123.0,1.921875,8.017102622121548,12,123.0,0.49350222074443145,12,123.0
1060.0,18,196.0,2.8,7.780702213008951,18,196.0,0.4465935421214928,18,196.0
1065.0,19,282.0,3.9166666666666665,7.881890328052126,19,282.0,0.4584145149044666,19,282.0
1070.0,21,378.0,5.108108108108108,7.886549869356391,21,378.0,0.4343261722414253,21,378.0
1075.0,23,483.0,6.355263157894737,7.6429557771526575,23,483.0,0.42387689808762674,23,483.0
1080.0,28,603.0,7.730769230769231,6.341569670239293,28,603.0,0.34492434133282235,28,603.0
1085.0,23,337.0,4.376623376623376,5.927414927794083,23,556.0,0.3317287219488866,23,556.0
1090.0,23,212.0,2.717948717948718,6.128595246016093,23,521.0,0.3533271678274612,23,521.0
1095.0,22,178.0,2.3421052631578947,6.560064955621021,22,500.0,0.3860690189106192,22,500.0
1100.0,16,168.0,2.210526315789474,6.485034239115555,16,413.0,0.34623725787605103,16,413.0
1105.0,20,229.0,2.8987341772151898,6.207171958148602,20,449.0,0.31632144473025864,20,449.0
1110.0,20,307.0,3.7439024390243905,7.204807695188964,20,459.0,0.3902017489388204,20,459.0
1115.0,22,407.0,4.903614457831325,7.159203175679356,22,506.0,0.39331299710832707,22,506.0
1120.0,25,519.0,6.329268292682927,7.130979820937254,25,574.0,0.3937353453851673,25,574.0
1125.0,26,642.0,7.925925925925926,6.362373879364847,26,684.0,0.35087678607378947,26,684.0
1130.0,23,346.0,4.435897435897436,6.104438045730652,23,624.0,0.32846300329368866,23,624.0
1135.0,22,198.0,2.5714285714285716,5.544445001196659,22,569.0,0.290337813810278,22,569.0
1140.0,21,152.0,2.026666666666667,5.777502714751375,21,475.0,0.26595991995366347,21,475.0
1145.0,22,229.0,3.0533333333333332,6.269083284092954,22,473.0,0.299647267267543,22,473.0
1150.0,27,351.0,4.68,6.206611109941978,27,503.0,0.290599038761034,27,503.0
1155.0,33,495.0,6.6,6.017610866298061,33,568.0,0.2631961603203294,33,568.0
1160.0,32,654.0,8.95890410958904,5.377718293994251,32,699.0,0.20908865340926153,32,699.0
1165.0,37,829.0,10.907894736842104,5.0379204953344034,37,871.0,0.19867195015489794,37,871.0
1170.0,39,1015.0,13.012820512820513,5.50959217218252,39,1057.0,0.2767904867028638,39,1057.0
1175.0,31,753.0,9.4125,6.0109225260662935,31,1023.0,0.324169841985559,31,1023.0
1180.0,26,493.0,6.2405063291139244,6.169182032473111,26,933.0,0.34492251778818284,26,933.0
1185.0,20,321.0,3.962962962962963,6.450657866985083,20,873.0,0.38881981454212144,20,873.0
1190.0,20,154.0,1.811764705882353,6.272126881299565,20,806.0,0.37492395717503885,20,806.0
1195.0,15,106.0,1.2183908045977012,6.803177292231065,15,733.0,0.3973796229922656,15,733.0
1200.0,15,161.0,1.8505747126436782,6.854351361242813,15,659.0,0.4127151428602406,15,659.0
1205.0,20,251.0,2.9186046511627906,6.830911628698622,20,588.0,0.39493591112993165,20,588.0
1210.0,28,369.0,4.054945054945055,6.257196038364953,28,578.0,0.3283441000928868,28,578.0
1215.0,31,512.0,5.752808988764045,5.69899297235121,31,680.0,0.30093487915445455,31,680.0
1220.0,31,351.0,3.8152173913043477,5.492044303279099,31,689.0,0.2769573131901178,31,689.0
1225.0,32,313.0,3.477777777777778,5.6088136662943375,32,698.0,0.2515540587623039,32,698.0
1230.0,32,273.0,3.067415730337079,5.2818027861484,32,755.0,0.22028103499010032,32,755.0
1235.0,32,303.0,3.5232558139534884,5.093028778662128,32,799.0,0.21537930334643451,32,799.0
1240.0,31,376.0,4.2727272727272725,5.906726648265971,31,845.0,0.28658377094995835,31,845.0
1245.0,31,517.0,5.681318681318682,6.18174289465005,31,895.0,0.3318775030685219,31,895.0
1250.0,34,673.0,7.010416666666667,6.548821257989883,34,970.0,0.3586120119075232,34,970.0
1255.0,35,837.0,8.628865979381443,6.623276003551823,35,1076.0,0.3853636954311059,35,1076.0
1260.0,39,1010.0,10.0,5.906626378813839,39,1219.0,0.3190462515495573,39,1219.0
1265.0,35,756.0,7.714285714285714,5.407034743476871,35,1152.0,0.2777318304803632,35,1152.0
1270.0,36,537.0,5.479591836734694,5.055118769154589,36,1112.0,0.23872629261642664,36,1112.0
1275.0,39,432.0,4.32,5.205913170948955,39,1060.0,0.25024421824164245,39,1060.0
1280.0,37,387.0,3.87,4.88308000447874,37,1063.0,0.2217837335197425,37,1063.0
1285.0,35,431.0,4.31,5.570471213223985,35,1094.0,0.28254115624146015,35,1094.0
1290.0,36,516.0,5.009708737864078,5.368877200867578,36,1045.0,0.2662259740515172,36,1045.0
1295.0,36,645.0,6.142857142857143,5.685481864027768,36,1095.0,0.28662399743661604,36,1095.0
1300.0,38,819.0,7.654205607476635,5.9725874102813785,38,1145.0,0.3136601122938235,38,1145.0
1305.0,41,1013.0,9.126126126126126,5.580026110869308,41,1285.0,0.29100221695359096,41,1285.0
1310.0,39,782.0,6.859649122807017,5.157145215169186,39,1284.0,0.2632972345163668,39,1284.0
1315.0,42,659.0,5.780701754385965,4.636281841664934,42,1255.0,0.2305931861166741,42,1255.0
1320.0,42,509.0,4.426086956521739,4.483931175085743,42,1290.0,0.22500254666979538,42,1290.0
1325.0,46,495.0,4.159663865546219,4.182761894194764,46,1322.0,0.18602516474596398,46,1322.0
1330.0,50,528.0,4.327868852459017,4.137128383735625,50,1406.0,0.18666849282963416,50,1406.0
1335.0,53,635.0,5.08,4.077252348382446,53,1473.0,0.18413364601035667,53,1473.0
1340.0,56,784.0,6.125,4.128248649740383,56,1641.0,0.18807111520268438,56,1641.0
1345.0,57,980.0,7.596899224806202,4.113908536718715,57,1790.0,0.18898146781209596,57,1790.0
1350.0,58,1231.0,9.6171875,4.095262159775513,58,2030.0,0.18869659481109363,58,2030.0
1355.0,58,1077.0,8.348837209302326,3.8588913264693403,58,2075.0,0.1755244982519592,58,2075.0
1360.0,57,1044.0,8.03076923076923,3.845666941578651,57,2135.0,0.17486939007011792,57,2135.0
1365.0,59,955.0,7.346153846153846,3.620872157194981,59,2187.0,0.1597327741560442,59,2187.0
1370.0,61,972.0,7.476923076923077,3.787356746408177,61,2218.0,0.16324841134471543,61,2218.0
1375.0,59,926.0,7.068702290076335,3.9341146259377,59,2340.0,0.1717399868587036,59,2340.0
1380.0,58,958.0,7.312977099236641,3.9966066105346663,58,2475.0,0.1736651761057999,58,2475.0
1385.0,55,1001.0,7.583333333333333,4.234530459213043,55,2614.0,0.18538278193403762,55,2614.0
1390.0,56,1055.0,8.053435114503817,4.298542616933507,56,2712.0,0.194528308154131,56,2712.0
1395.0,58,1250.0,9.84251968503937,4.011655948120655,58,2916.0,0.19152678092050754,58,2916.0
1400.0,64,1114.0,8.569230769230769,3.7996239337128643,64,2944.0,0.18725796920295376,64,2944.0
1405.0,64,1106.0,8.507692307692308,3.5924923313611616,64,3001.0,0.16794435906117733,64,3001.0
1410.0,66,1055.0,7.992424242424242,3.4904848424560906,66,3085.0,0.14608059520227912,66,3085.0
1415.0,67,1067.0,8.207692307692307,3.4539509082201185,67,3126.0,0.14914439018902073,67,3126.0
1420.0,66,1083.0,8.267175572519085,3.6247573274350424,66,3189.0,0.14781170007625352,66,3189.0
1425.0,63,1137.0,8.613636363636363,3.8277237071692554,63,3256.0,0.1521255080583616,63,3256.0
1430.0,60,1189.0,9.217054263565892,4.034762117782703,60,3369.0,0.17435653446616764,60,3369.0
1435.0,59,1205.0,9.26923076923077,4.1145024606775005,59,3445.0,0.17892651529134937,59,3445.0
1440.0,59,1288.0,9.907692307692308,4.174748434649478,59,3652.0,0.18918763959821236,59,3652.0
1445.0,57,1106.0,8.442748091603054,3.8587995855271475,57,3694.0,0.1862306086603401,57,3694.0
1450.0,55,990.0,7.615384615384615,3.7256948356767285,55,3670.0,0.176018745836516,55,3670.0
1455.0,60,979.0,7.360902255639098,3.6208394591498907,60,3664.0,0.17202842371659552,60,3664.0
1460.0,63,989.0,7.43609022556391,3.641492441017918,63,3615.0,0.1660959742007883,63,3615.0
1465.0,64,1021.0,7.734848484848484,3.5673989061557347,64,3590.0,0.15297121994832666,64,3590.0
1470.0,62,1032.0,7.701492537313433,3.8624501498021258,62,3626.0,0.16421359464969643,62,3626.0
1475.0,61,1085.0,8.037037037037036,4.180393721776193,61,3629.0,0.17897863395948851,61,3629.0
1480.0,60,1130.0,8.496240601503759,4.056598918407582,60,3688.0,0.17758579259135324,60,3688.0
1485.0,58,1270.0,9.844961240310077,3.954090301946891,58,3880.0,0.18270880194419561,58,3880.0
1490.0,59,1102.0,8.348484848484848,3.8433788634362624,59,3919.0,0.18019375830431938,59,3919.0
1495.0,60,1013.0,7.448529411764706,3.7033648052036976,60,3751.0,0.15638534233792198,60,3751.0
1500.0,67,1076.0,7.970370370370371,3.6983067775124474,67,3705.0,0.15127913025607992,67,3705.0
1505.0,68,1082.0,8.196969696969697,3.5050021374912492,68,3757.0,0.1560674608921864,68,3757.0
1510.0,64,1085.0,8.157894736842104,3.720898301630215,64,3703.0,0.1637441051870326,64,3703.0
1515.0,62,1124.0,8.388059701492537,3.853854207680197,62,3745.0,0.1688743558532166,62,3745.0
1520.0,61,1175.0,8.834586466165414,3.9154901551536057,61,3714.0,0.1757550336197118,61,3714.0
1525.0,58,1205.0,9.128787878787879,3.980487134663161,58,3713.0,0.17452762913111425,58,3713.0
1530.0,61,1294.0,9.877862595419847,3.7726428647089683,61,3969.0,0.1727818468081779,61,3969.0
1535.0,62,1161.0,8.664179104477611,3.671487704380654,62,3907.0,0.17084060393934447,62,3907.0
1540.0,65,1068.0,8.030075187969924,3.5153659727293918,65,3860.0,0.15571945048749491,65,3860.0
1545.0,66,1090.0,8.134328358208956,3.4624965773416916,66,3884.0,0.15758930534972668,66,3884.0
1550.0,67,1129.0,8.553030303030303,3.7029647635364524,67,3857.0,0.162194774681904,67,3857.0
1555.0,67,1178.0,8.791044776119403,3.7226437047999057,67,3850.0,0.15474038126929,67,3850.0
1560.0,63,1185.0,8.909774436090226,3.811570409655231,63,3907.0,0.16338459617836523,63,3907.0
1565.0,63,1202.0,8.970149253731343,4.002228715030327,63,3833.0,0.16649122970343025,63,3833.0
1570.0,61,1255.0,9.365671641791044,4.395317385242983,61,3928.0,0.19438883328986775,61,3928.0
1575.0,61,1344.0,10.181818181818182,4.242679358561336,61,4023.0,0.1935822532134138,61,4023.0
1580.0,61,1208.0,9.151515151515152,3.9802458026705345,61,3941.0,0.19112095212916497,61,3941.0
1585.0,61,1110.0,8.283582089552239,3.8228658895312373,61,3881.0,0.1798469064026287,61,3881.0
1590.0,67,1119.0,8.28888888888889,3.753501609199576,67,3799.0,0.17055243897590136,67,3799.0
1595.0,65,1107.0,8.2,3.7306172225950083,65,3829.0,0.1638152346276336,65,3829.0
1600.0,63,1100.0,8.208955223880597,3.6761384074070556,63,3800.0,0.1672621541101336,63,3800.0
1605.0,61,1130.0,8.432835820895523,3.8068318988960166,61,3966.0,0.17884628206215547,61,3966.0
1610.0,60,1156.0,8.562962962962963,3.8275221904377137,60,3930.0,0.1679337862582392,60,3930.0
1615.0,57,1161.0,8.795454545454545,3.8633961960849232,57,3906.0,0.18501053555398145,57,3906.0
1620.0,58,1248.0,9.244444444444444,3.898493169152896,58,4126.0,0.18539254861225335,58,4126.0
1625.0,60,1112.0,8.298507462686567,3.498992571660542,60,4042.0,0.17173417716044845,60,4042.0
1630.0,61,1013.0,7.235714285714286,3.63123134104875,61,4001.0,0.16081134032312064,61,4001.0
1635.0,67,1010.0,7.163120567375887,3.4198085299374683,67,4027.0,0.1511619908694811,67,4027.0
1640.0,70,1072.0,7.549295774647887,3.5252964161127522,70,4009.0,0.15144290383742562,70,4009.0
1645.0,67,1104.0,7.885714285714286,3.600164877077674,67,4073.0,0.15410181889727467,67,4073.0
1650.0,66,1138.0,8.128571428571428,3.717138743918538,66,3987.0,0.1582334055519609,66,3987.0
1655.0,66,1278.0,9.194244604316546,3.843805261522466,66,4056.0,0.16218297791022587,66,4056.0
1660.0,63,1335.0,9.744525547445255,3.9007541972396744,63,4132.0,0.170406711824551,63,4132.0
1665.0,63,1422.0,10.379562043795621,3.8199269437697367,63,4343.0,0.17050152837177246,63,4343.0
1670.0,60,1204.0,8.788321167883211,3.768530056613136,60,4259.0,0.1703648152053041,60,4259.0
1675.0,65,1146.0,8.426470588235293,3.7141105597113464,65,4202.0,0.1683039806911979,65,4202.0
1680.0,67,1159.0,8.585185185185185,3.5047848540546527,67,4206.0,0.16331111811685706,67,4206.0
1685.0,65,1146.0,8.61654135338346,3.339260177611672,65,4201.0,0.1657318737265992,65,4201.0
1690.0,66,1245.0,9.154411764705882,3.524913136340473,66,4219.0,0.16254826966740904,66,4219.0
1695.0,62,1194.0,8.715328467153284,3.630852018597602,62,4169.0,0.16245017824613456,62,4169.0
1700.0,60,1221.0,8.912408759124087,3.937895947736444,60,4183.0,0.17329993458175616,60,4183.0
1705.0,58,1211.0,8.97037037037037,3.930268634306877,58,4132.0,0.17393717443113174,58,4132.0
1710.0,57,1242.0,9.338345864661655,3.888412331652384,57,4314.0,0.18395648413468196,57,4314.0
1715.0,57,1106.0,8.253731343283581,3.845132919021037,57,4225.0,0.1761578954049942,57,4225.0
1720.0,59,1008.0,7.304347826086956,3.7459447050553956,59,4188.0,0.17246609499036086,59,4188.0
1725.0,64,1022.0,7.35251798561151,3.4478778946799022,64,4135.0,0.15314782245265438,64,4135.0
1730.0,69,1063.0,7.5928571428571425,3.266054995122453,69,4186.0,0.13846194854327395,69,4186.0
1735.0,68,1092.0,7.913043478260869,3.3779513392477676,68,4182.0,0.1394545552609862,68,4182.0
1740.0,68,1132.0,8.02836879432624,3.6736503559288463,68,4117.0,0.14178764602810545,68,4117.0
1745.0,66,1232.0,8.8,3.9602573827920553,66,4112.0,0.15381135350499964,66,4112.0
1750.0,65,1309.0,9.417266187050359,4.118805555178825,65,4175.0,0.16977435581618366,65,4175.0
1755.0,65,1435.0,10.551470588235293,3.6580497701872656,65,4398.0,0.15912161358189558,65,4398.0
1760.0,61,1159.0,8.714285714285714,3.6831992066330423,61,4313.0,0.1573905393250827,61,4313.0
1765.0,62,1108.0,8.458015267175572,3.7975930463891765,62,4167.0,0.16312932259504404,62,4167.0
1770.0,63,1115.0,8.7109375,3.7076492397854803,63,4112.0,0.15970723720123303,63,4112.0
1775.0,60,1057.0,8.32283464566929,3.783171353540376,60,4016.0,0.16127565811996813,60,4016.0
1780.0,57,1033.0,8.264,3.8354600818743414,57,4017.0,0.17143832655845823,57,4017.0
1785.0,59,1117.0,8.795275590551181,4.136488738839247,59,3952.0,0.17678146431331604,59,3952.0
1790.0,55,1092.0,8.598425196850394,4.521378753433921,55,3948.0,0.20677487405768588,55,3948.0
1795.0,53,1108.0,8.724409448818898,4.360497779840454,53,3939.0,0.20906827981378903,53,3939.0
1800.0,59,1324.0,10.507936507936508,4.136198245801696,59,4073.0,0.2031060823736138,59,4073.0
1805.0,58,1174.0,9.171875,3.8721389471387666,58,3986.0,0.19492088478937727,58,3986.0
1810.0,61,1104.0,8.427480916030534,3.7535484000813812,61,3846.0,0.17490328018692722,61,3846.0
1815.0,65,1100.0,8.148148148148149,3.544340283219588,65,3802.0,0.15100632639497186,65,3802.0
1820.0,66,1084.0,8.212121212121213,3.4106303694731475,66,3842.0,0.1450743205216218,66,3842.0
1825.0,66,1088.0,8.180451127819548,3.5792699149271194,66,3821.0,0.1380787115279464,66,3821.0
1830.0,64,1107.0,8.323308270676693,3.7464880640241156,64,3815.0,0.14138034094049007,64,3815.0
1835.0,63,1175.0,8.969465648854962,3.8062943617962346,63,3814.0,0.15184881759439148,63,3814.0
1840.0,62,1252.0,9.557251908396946,4.066931318135119,62,3902.0,0.16450238230083314,62,3902.0
1845.0,60,1357.0,10.358778625954198,4.0430503411547996,60,4094.0,0.1705743066249821,60,4094.0
1850.0,59,1161.0,8.930769230769231,3.848908060227018,59,4004.0,0.16849275448558712,59,4004.0
1855.0,61,1094.0,8.546875,3.6095462907846123,61,3916.0,0.1687674493289689,61,3916.0
1860.0,60,1052.0,8.283464566929133,3.419055182376345,60,3807.0,0.15929817901788837,60,3807.0
1865.0,60,1017.0,7.883720930232558,3.555661288170867,60,3883.0,0.16235409224304934,60,3883.0
1870.0,61,1061.0,8.224806201550388,3.7452263795609535,61,3811.0,0.16938119050522532,61,3811.0
1875.0,56,1032.0,7.938461538461539,4.040562352071586,56,3821.0,0.18586466116839548,56,3821.0
1880.0,55,1036.0,8.031007751937985,3.9876335603672937,55,3780.0,0.18947410075103052,55,3780.0
1885.0,56,1060.0,8.217054263565892,4.054931194280402,56,3831.0,0.20270438790144082,56,3831.0
1890.0,57,1261.0,9.8515625,4.081563811001814,57,3966.0,0.2043181419614487,57,3966.0
1895.0,58,1114.0,8.43939393939394,3.8931930717649816,58,3862.0,0.1843809072394597,58,3862.0
1900.0,61,1057.0,7.947368421052632,3.8780740508180793,61,3816.0,0.17298175991173637,61,3816.0
1905.0,64,1033.0,7.7669172932330826,3.6864337113776977,64,3703.0,0.15096941348083712,64,3703.0
1910.0,65,995.0,7.537878787878788,3.5673962002826736,65,3614.0,0.14673988376957425,65,3614.0
1915.0,61,1072.0,8.246153846153845,3.775379257192903,61,3597.0,0.15094675265594829,61,3597.0
1920.0,60,1083.0,8.267175572519085,3.810056415851203,60,3711.0,0.1549759208118605,60,3711.0
1925.0,59,1093.0,8.407692307692308,3.973574883080106,59,3749.0,0.17265530967799092,59,3749.0
1930.0,57,1146.0,9.023622047244094,3.919724049047475,57,3796.0,0.16839412099441625,57,3796.0
1935.0,57,1262.0,10.015873015873016,3.947979587797452,57,3977.0,0.18575613834923038,57,3977.0
1940.0,59,1122.0,8.765625,3.726995567859364,59,3912.0,0.1809431125311169,59,3912.0
1945.0,61,1059.0,8.083969465648854,3.5603061151530784,61,3887.0,0.16726461302917667,61,3887.0
1950.0,63,1018.0,7.770992366412214,3.657357377548881,63,3820.0,0.15946082753018775,63,3820.0
1955.0,58,994.0,7.705426356589148,3.6150203254692017,58,3824.0,0.15702342311760523,58,3824.0
1960.0,58,1005.0,7.790697674418604,3.7645757630989447,58,3760.0,0.16443573202025552,58,3760.0
1965.0,58,1016.0,7.755725190839694,4.0263718453686375,58,3761.0,0.1778363345653382,58,3761.0
1970.0,55,1033.0,8.007751937984496,4.170648554438964,55,3712.0,0.19370269027670659,55,3712.0
1975.0,52,1034.0,8.015503875968992,4.372788411954426,52,3731.0,0.2028062465839749,52,3731.0
1980.0,58,1220.0,9.312977099236642,4.3773572552734885,58,3874.0,0.20315676232153898,58,3874.0
1985.0,58,1080.0,8.244274809160306,4.040377086195585,58,3782.0,0.18499885966042764,58,3782.0
1990.0,64,1029.0,7.67910447761194,3.806330221629718,63,3713.0,0.16012754413437563,63,3713.0
1995.0,65,1015.0,7.574626865671642,3.599911595760453,65,3717.0,0.1504919701673088,65,3717.0
2000.0,67,1062.0,8.045454545454545,3.35175814526166,67,3628.0,0.1408957380232764,67,3628.0
2005.0,63,1042.0,7.893939393939394,3.6120732171771306,63,3635.0,0.1551446489436924,63,3635.0
2010.0,63,1099.0,8.263157894736842,3.73333749881804,63,3672.0,0.16651270816206382,63,3672.0
2015.0,61,1161.0,8.795454545454545,3.8476148723048667,61,3652.0,0.163202509845332,61,3652.0
2020.0,58,1200.0,9.16030534351145,4.056247191475515,58,3716.0,0.18164542102224235,58,3716.0
2025.0,60,1298.0,9.984615384615385,3.9047789378950735,60,3871.0,0.18881539670230263,60,3871.0
2030.0,58,1154.0,8.676691729323307,3.8242113601190777,58,3811.0,0.1770441789838722,58,3811.0
2035.0,61,1044.0,7.62043795620438,3.6610026771360595,61,3797.0,0.16040311611317817,61,3797.0
2040.0,63,1053.0,7.858208955223881,3.416135332982888,63,3802.0,0.1508351652758841,63,3802.0
2045.0,63,1040.0,7.819548872180451,3.4788570243461527,63,3821.0,0.1602788209433677,63,3821.0
2050.0,62,1088.0,8.180451127819548,3.6858903942879038,62,3770.0,0.16599106915286832,62,3770.0
2055.0,62,1107.0,8.139705882352942,4.014032297207761,62,3793.0,0.17688563100941046,62,3793.0
2060.0,60,1103.0,8.170370370370371,4.049178599769725,60,3817.0,0.16994244708970915,60,3817.0
2065.0,57,1116.0,8.454545454545455,4.089239779984169,57,3858.0,0.17961941491087538,57,3858.0
2070.0,56,1230.0,9.318181818181818,4.2505524319748575,56,3953.0,0.18978992232552463,56,3953.0
2075.0,59,1087.0,8.172932330827068,4.053727525584725,59,3860.0,0.18370433724811178,59,3860.0
2080.0,62,1001.0,7.360294117647059,3.762446489686449,62,3793.0,0.16565546364626377,62,3793.0
2085.0,64,1019.0,7.604477611940299,3.6395774111697934,64,3677.0,0.15725230085210098,64,3677.0
2090.0,67,1032.0,7.7593984962406015,3.427910410833868,67,3733.0,0.14906021458497062,67,3733.0
2095.0,67,1093.0,8.156716417910447,3.4670406938137304,67,3800.0,0.15027342689372838,67,3800.0
2100.0,67,1125.0,8.333333333333334,3.6553733155360115,67,3804.0,0.14909032435586475,67,3804.0
2105.0,68,1261.0,9.34074074074074,3.8038498649964247,68,3875.0,0.15560905800018032,68,3875.0
2110.0,64,1293.0,9.946153846153846,3.9085264065490257,64,3932.0,0.1745864675513279,64,3932.0
2115.0,62,1353.0,10.25,4.027284898017484,62,4141.0,0.17613012659916055,62,4141.0
2120.0,58,1142.0,8.651515151515152,4.002941108172652,58,4062.0,0.17776704771071822,58,4062.0
2125.0,60,1073.0,8.317829457364342,3.7295880585223657,60,3965.0,0.16916514228458687,60,3965.0
2130.0,63,1068.0,8.215384615384615,3.7122362329763074,63,3957.0,0.16184624391100177,63,3957.0
2135.0,60,1000.0,7.6923076923076925,3.7789515848773694,60,3888.0,0.16364054805580933,60,3888.0
2140.0,56,935.0,7.1923076923076925,3.7894936289765373,56,3884.0,0.17044456949245215,56,3884.0
2145.0,55,946.0,7.276923076923077,3.9667820022942823,55,3822.0,0.1825125223041804,55,3822.0
2150.0,53,965.0,7.3106060606060606,4.185625422855682,53,3843.0,0.19577186934747293,53,3843.0
2155.0,56,1115.0,8.643410852713178,4.234115247673823,56,3908.0,0.20474118106931766,56,3908.0
2160.0,57,1248.0,9.6,3.8391108233081384,57,4064.0,0.18486059537535693,57,4064.0
2165.0,62,1103.0,8.356060606060606,3.5602714468370724,62,3982.0,0.15755246706273873,62,3982.0
2170.0,64,1024.0,7.757575757575758,3.312407273171109,64,3856.0,0.13722324348682527,64,3856.0
2175.0,67,1058.0,8.076335877862595,3.149503901993004,67,3828.0,0.12998458020364795,67,3828.0
2180.0,70,1081.0,8.18939393939394,3.3617564236255233,70,3787.0,0.1318111425637642,70,3787.0
2185.0,67,1108.0,8.393939393939394,3.5204344845536504,67,3848.0,0.13688822568988593,67,3848.0
2190.0,66,1170.0,8.796992481203008,3.594248568283473,66,3839.0,0.13485845938988658,66,3839.0
2195.0,63,1239.0,9.458015267175572,3.8863890490696007,63,3880.0,0.15883023431387505,63,3880.0
2200.0,60,1275.0,9.732824427480915,4.054615605882127,60,3860.0,0.1751492785974284,60,3860.0
2205.0,57,1390.0,10.610687022900763,4.045156733539519,57,4047.0,0.1818492709190356,57,4047.0
2210.0,57,1175.0,8.901515151515152,3.7988294369336804,57,3947.0,0.17903550066092452,57,3947.0
2215.0,58,1088.0,8.36923076923077,3.534199177292877,58,3868.0,0.16767471726117023,58,3868.0
2220.0,62,1030.0,7.862595419847328,3.4328673542961003,62,3942.0,0.16041996217278034,62,3942.0
2225.0,61,1001.0,7.641221374045801,3.6357758116093226,61,3879.0,0.1659761849077403,61,3879.0
2230.0,62,1013.0,7.792307692307692,3.5344789035249433,62,3824.0,0.16520084742222668,62,3824.0
2235.0,57,1012.0,7.7846153846153845,3.846726784624055,57,3862.0,0.16936130580196396,57,3862.0
2240.0,58,1095.0,8.423076923076923,3.9095396860409424,58,3927.0,0.1826464838786173,58,3927.0
2245.0,59,1194.0,9.045454545454545,4.147440269503097,59,4000.0,0.19103330735291177,59,4000.0
2250.0,60,1366.0,10.348484848484848,4.085159030474044,60,4129.0,0.18677114776795586,60,4129.0
2255.0,58,1121.0,8.365671641791044,3.7594449926935987,58,3965.0,0.17064649457705885,58,3965.0
2260.0,59,1087.0,8.172932330827068,3.6978274401295046,59,3909.0,0.16061100492684402,59,3909.0
2265.0,62,1002.0,7.590909090909091,3.786378412656603,62,3781.0,0.16475748348601194,62,3781.0
2270.0,61,1013.0,7.792307692307692,3.8619076392400076,61,3770.0,0.17578621370483127,61,3770.0
2275.0,60,1031.0,7.992248062015504,3.852471230721609,60,3777.0,0.17904725356369205,60,3777.0
2280.0,56,1009.0,7.821705426356589,3.8596363333020536,56,3720.0,0.17814931271554088,56,3720.0
2285.0,54,1001.0,7.75968992248062,4.035603084464198,54,3725.0,0.19035330658271027,54,3725.0
2290.0,55,1061.0,8.099236641221374,4.1655328683770945,55,3784.0,0.20143981411158746,55,3784.0
2295.0,56,1211.0,9.315384615384616,4.024243857025984,56,3915.0,0.20038417465787806,56,3915.0
2300.0,61,1081.0,8.251908396946565,3.780791528811799,61,3831.0,0.18289523292881962,61,3831.0
2305.0,60,1027.0,7.78030303030303,3.622681663705445,60,3688.0,0.1717782318807137,60,3688.0
2310.0,65,1007.0,7.404411764705882,3.4746414024407026,65,3605.0,0.14667089584762447,65,3605.0
2315.0,68,1053.0,7.8,3.3801289207054475,68,3599.0,0.13168641237758316,68,3599.0
2320.0,65,1082.0,8.014814814814814,3.5343639006117127,65,3663.0,0.1417458987309329,65,3663.0
2325.0,65,1120.0,8.421052631578947,3.5355300162778245,65,3718.0,0.1361428468758476,65,3718.0
2330.0,62,1187.0,8.792592592592593,3.879886381962034,62,3822.0,0.15584801813286212,62,3822.0
2335.0,63,1264.0,9.432835820895523,3.971046254939627,63,3891.0,0.17533450163930578,63,3891.0
2340.0,61,1323.0,10.022727272727273,3.904481737323589,61,4027.0,0.17219521267064608,61,4027.0
2345.0,57,1156.0,8.757575757575758,3.805951508536953,57,3939.0,0.17593882215716913,57,3939.0
2350.0,63,1094.0,8.287878787878787,3.8293076334594884,63,3863.0,0.1748192360055858,63,3863.0
2355.0,63,1062.0,8.106870229007633,3.7874760624381714,63,3737.0,0.16610955300782318,63,3737.0
2360.0,60,1070.0,8.23076923076923,3.8875836850623475,60,3715.0,0.1677073655281966,60,3715.0
2365.0,58,1036.0,8.15748031496063,3.807946791677156,58,3645.0,0.1687380814976741,58,3645.0
2370.0,57,1042.0,8.077519379844961,4.11123009783575,57,3597.0,0.18090634382408546,57,3597.0
2375.0,53,1040.0,8.125,4.307585500209362,53,3593.0,0.18040605041029242,53,3593.0
2380.0,52,1026.0,8.208,4.268817150111252,52,3718.0,0.20903051611012724,52,3718.0
2385.0,58,1234.0,9.793650793650794,4.317455711206187,58,3817.0,0.21111273650196058,58,3817.0
2390.0,62,1097.0,8.438461538461539,3.921106731314584,62,3732.0,0.18896868555850796,62,3732.0
2395.0,64,1084.0,8.338461538461539,3.6543165850268458,64,3684.0,0.16250522391729288,64,3684.0
2400.0,64,1059.0,8.146153846153846,3.4429387126913853,64,3636.0,0.1423688664472318,64,3636.0
2405.0,65,1029.0,8.0390625,3.2928211871362505,65,3678.0,0.1411582788065713,65,3678.0
2410.0,64,1082.0,8.387596899224807,3.4012547606786576,64,3726.0,0.14718715547774505,64,3726.0
2415.0,62,1070.0,8.359375,3.610071355157901,62,3768.0,0.1680533074649397,62,3768.0
2420.0,60,1150.0,8.846153846153847,3.7917187187495096,60,3804.0,0.16895241635216438,60,3804.0
2425.0,59,1173.0,8.954198473282442,4.0103559035696055,59,3783.0,0.17609688544912125,59,3783.0
2430.0,59,1349.0,10.376923076923077,3.821390250086241,59,3973.0,0.1774353900167774,59,3973.0
2435.0,59,1149.0,8.838461538461539,3.6416612581178844,59,3879.0,0.16789084128962475,59,3879.0
2440.0,60,1081.0,8.18939393939394,3.504412864726542,60,3793.0,0.1582305037280964,60,3793.0
2445.0,62,1036.0,7.848484848484849,3.526533901974608,62,3721.0,0.1522183728452492,62,3721.0
2450.0,64,1014.0,7.567164179104478,3.6426218977602285,64,3739.0,0.1640454465669784,64,3739.0
2455.0,65,1044.0,7.791044776119403,3.580840952086537,65,3766.0,0.1602819664513327,65,3766.0
2460.0,60,1037.0,7.681481481481481,3.903365368095783,60,3718.0,0.16341005709564793,60,3718.0
2465.0,58,1122.0,8.564885496183207,3.908522071993608,58,3768.0,0.17717029734835335,58,3768.0
2470.0,57,1174.0,8.961832061068701,3.9270138981006832,57,3868.0,0.17653627573745553,57,3868.0
2475.0,62,1313.0,9.946969696969697,3.8530362286179605,62,4054.0,0.18037613246201423,62,4054.0
2480.0,64,1183.0,8.762962962962963,3.771530382769155,64,3985.0,0.16627892064685132,64,3985.0
2485.0,63,1102.0,8.223880597014926,3.628071494204076,63,3865.0,0.14748252316445437,63,3865.0
2490.0,67,1123.0,8.572519083969466,3.5254172512585895,67,3874.0,0.14426963895492811,67,3874.0
2495.0,64,1116.0,8.651162790697674,3.401529280308812,64,3916.0,0.15152513210226773,64,3916.0
2500.0,62,1129.0,8.684615384615384,3.543128562484039,62,3942.0,0.15565819316072182,62,3942.0
2505.0,62,1170.0,9.0,3.8147288749291692,62,3909.0,0.1579574052561057,62,3909.0
2510.0,59,1197.0,9.207692307692307,3.994895887361191,59,3876.0,0.17405032349458296,59,3876.0
2515.0,56,1159.0,9.125984251968504,4.016689675381424,56,3895.0,0.17659236406759315,56,3895.0
2520.0,58,1328.0,10.53968253968254,3.862504595401326,58,4085.0,0.17489541145401744,58,4085.0
2525.0,60,1163.0,9.0859375,3.807170567950662,60,4056.0,0.17661971829220824,60,4056.0
2530.0,63,1053.0,8.424,3.653997344463966,63,4006.0,0.17704559675486864,63,4006.0
2535.0,60,1043.0,8.411290322580646,3.876502304118153,60,3930.0,0.1755996343917358,60,3930.0
2540.0,56,996.0,8.03225806451613,3.922472539168616,56,3861.0,0.17876384339039117,56,3861.0
2545.0,56,993.0,8.008064516129032,3.8086928685281976,56,3864.0,0.17502230530030127,56,3864.0
2550.0,54,995.0,7.96,3.8992981849545942,54,3932.0,0.17923024354387462,54,3932.0
2555.0,51,938.0,7.504,4.0885196859705655,51,3880.0,0.18121719043143109,51,3880.0
2560.0,53,1048.0,8.451612903225806,4.089245730105485,53,3917.0,0.19174949341324635,53,3917.0
2565.0,60,1326.0,10.693548387096774,3.9017522935074327,60,4088.0,0.19385479472048509,60,4088.0
2570.0,62,1195.0,9.3359375,3.5914628647818403,62,4006.0,0.16958538132680284,62,4006.0
2575.0,66,1101.0,8.278195488721805,3.445799389699568,66,3950.0,0.1500804653420073,66,3950.0
2580.0,67,1118.0,8.666666666666666,3.270632717871738,67,3787.0,0.13424716826321095,67,3787.0
2585.0,63,1075.0,8.26923076923077,3.656781462730914,63,3809.0,0.15496702315121094,63,3809.0
2590.0,63,1112.0,8.553846153846154,3.7642057039380914,63,3765.0,0.15874549500249213,63,3765.0
2595.0,61,1123.0,8.638461538461538,3.8177383101461224,61,3725.0,0.16330961912618203,61,3725.0
2600.0,61,1173.0,9.023076923076923,3.862246828035282,61,3749.0,0.17016834667688224,61,3749.0
2605.0,60,1200.0,9.23076923076923,4.025923819944275,60,3903.0,0.18065575178018672,60,3903.0
2610.0,60,1389.0,10.767441860465116,3.96534188914801,60,4013.0,0.17614535380320373,60,4013.0
2615.0,60,1175.0,9.1796875,3.705176058893306,60,3914.0,0.16902339714925246,60,3914.0
2620.0,64,1123.0,8.705426356589147,3.4952942408413117,64,3845.0,0.1543720086697056,64,3845.0
2625.0,63,1094.0,8.546875,3.6230409181628347,63,3722.0,0.15470467397476298,63,3722.0
2630.0,59,1059.0,8.2734375,3.8582297605920406,59,3704.0,0.16937322788440146,59,3704.0
2635.0,57,1029.0,8.0390625,3.9736969441908676,57,3645.0,0.18046376056690983,57,3645.0
2640.0,55,1036.0,8.031007751937985,4.1377420234594355,55,3715.0,0.1967458928959736,55,3715.0
2645.0,57,1053.0,8.2265625,4.123982059328748,57,3729.0,0.19269148679087397,57,3729.0
2650.0,53,1073.0,8.515873015873016,4.219194517065503,53,3784.0,0.20661959283486594,53,3784.0
2655.0,58,1284.0,10.35483870967742,3.8244018354573392,58,4024.0,0.19765670834193014,58,4024.0
2660.0,61,1152.0,8.793893129770993,3.597294151005869,61,3938.0,0.16967129224544933,61,3938.0
2665.0,64,1060.0,8.030303030303031,3.4224902020345898,64,3891.0,0.1571236198293989,64,3891.0
2670.0,66,1081.0,8.18939393939394,3.2586006260811198,66,3918.0,0.14735421247565006,66,3918.0
2675.0,68,1118.0,8.281481481481482,3.4359880405061825,68,3888.0,0.14736913829694204,68,3888.0
2680.0,65,1133.0,8.455223880597014,3.6016095355436595,65,3939.0,0.16175137862647887,65,3939.0
2685.0,65,1182.0,8.82089552238806,3.683753174650932,65,3924.0,0.1553000229293008,65,3924.0
2690.0,62,1201.0,8.896296296296295,3.8487423108893375,62,3904.0,0.15895119623851306,62,3904.0
2695.0,62,1287.0,9.604477611940299,4.058975853635152,62,3923.0,0.17456942818090404,62,3923.0
2700.0,58,1323.0,10.099236641221374,3.8752944423758056,58,4116.0,0.18330915185210137,58,4116.0
2705.0,59,1153.0,8.669172932330827,3.729443829438149,59,4095.0,0.17780858827968696,59,4095.0
2710.0,60,1086.0,8.044444444444444,3.896380798874688,60,3944.0,0.17524629803364664,60,3944.0
2715.0,65,1129.0,8.488721804511279,3.724988907285364,65,3884.0,0.17247751801322486,65,3884.0
2720.0,60,1058.0,7.954887218045113,3.7250248835338264,60,3978.0,0.1674174570864277,60,3978.0
2725.0,60,1070.0,8.106060606060606,3.7257616733785133,60,3917.0,0.1689898119668806,60,3917.0
2730.0,57,1081.0,8.067164179104477,3.929323721117148,57,3919.0,0.1761579682540423,57,3919.0
2735.0,57,1072.0,8.0,4.136708470340332,57,3911.0,0.17919015598880692,57,3911.0
2740.0,56,1104.0,8.427480916030534,4.204424716201207,56,3966.0,0.19204470555847347,56,3966.0
2745.0,56,1226.0,9.430769230769231,4.16670180907648,56,4000.0,0.19289542646485333,56,4000.0
2750.0,58,1085.0,8.346153846153847,4.059274910020346,58,3896.0,0.1786644694960872,58,3896.0
2755.0,63,996.0,7.545454545454546,3.7355839807312026,63,3816.0,0.16378099271649466,63,3816.0
2760.0,62,1018.0,7.770992366412214,3.5525333883465064,62,3782.0,0.1446061106477609,62,3782.0
2765.0,63,1059.0,8.146153846153846,3.601992109849278,63,3745.0,0.1483412517266753,63,3745.0
2770.0,60,1058.0,8.2015503875969,3.7864861706782627,60,3772.0,0.15640104740802807,60,3772.0
2775.0,60,1062.0,8.296875,3.6545371651827097,60,3738.0,0.1483158803888344,60,3738.0
2780.0,57,1093.0,8.472868217054264,4.061418630614764,57,3696.0,0.1741792597903124,57,3696.0
2785.0,55,1123.0,8.912698412698413,4.059775314469689,55,3659.0,0.17626700006057225,55,3659.0
2790.0,55,1220.0,9.76,4.143262914562581,55,3830.0,0.19271776683504377,55,3830.0
2795.0,57,1079.0,8.4296875,4.072837710580811,57,3726.0,0.17486487235077394,57,3726.0
2800.0,60,1056.0,8.25,4.034107152350163,60,3648.0,0.17442417519450987,60,3648.0
2805.0,61,987.0,7.833333333333333,3.8289997049673716,61,3620.0,0.16839805774937475,61,3620.0
2810.0,58,958.0,7.725806451612903,3.8747381218577726,58,3479.0,0.1581422765429624,58,3479.0
2815.0,58,1007.0,8.120967741935484,3.9868040013546953,58,3481.0,0.17032204584261626,58,3481.0
2820.0,58,1003.0,8.088709677419354,4.233774390639213,58,3431.0,0.18448052351565242,58,3431.0
2825.0,53,998.0,8.113821138211382,4.4205920724050625,53,3535.0,0.20695832861427238,53,3535.0
2830.0,55,1112.0,9.114754098360656,4.405153581272519,55,3595.0,0.2113207868651295,55,3595.0
2835.0,59,1262.0,10.260162601626016,4.315398061242651,59,3739.0,0.21506068044494533,59,3739.0
2840.0,56,1119.0,8.880952380952381,4.0160557443243,56,3647.0,0.19449945996581885,56,3647.0
2845.0,62,1050.0,8.26771653543307,3.6748808797458117,62,3526.0,0.15926836162515648,62,3526.0
2850.0,62,1012.0,7.968503937007874,3.65932754387358,62,3533.0,0.14613231572850113,62,3533.0
2855.0,62,1001.0,7.944444444444445,3.8579698709461305,62,3457.0,0.16237533309345803,62,3457.0
2860.0,60,990.0,7.857142857142857,3.972245061988616,60,3414.0,0.17133471482718762,60,3414.0
2865.0,58,1001.0,7.881889763779528,4.245770702883028,58,3348.0,0.1869683589001259,58,3348.0
2870.0,56,999.0,7.928571428571429,4.305324086664561,56,3361.0,0.19473967891240013,56,3361.0
2875.0,55,1076.0,8.53968253968254,4.439484431393003,55,3466.0,0.2045223276640579,55,3466.0
2880.0,58,1255.0,10.120967741935484,4.271943574395529,58,3605.0,0.20700382716655222,58,3605.0
2885.0,56,1102.0,8.816,3.8381540385955017,56,3498.0,0.1854890920987881,56,3498.0
2890.0,55,1017.0,8.007874015748031,3.9182956924791665,55,3401.0,0.18394112734433107,55,3401.0
2895.0,61,956.0,7.242424242424242,3.9363110346589774,61,3256.0,0.16667461670461617,61,3256.0
2900.0,64,935.0,7.083333333333333,3.858799909621548,64,3280.0,0.16860316176353093,64,3280.0
2905.0,60,965.0,7.366412213740458,4.04112145254357,60,3301.0,0.17730025085137444,60,3301.0
2910.0,59,999.0,7.684615384615385,4.090848317769279,59,3289.0,0.18284156124674344,59,3289.0
2915.0,59,1029.0,7.915384615384616,4.230049160850483,59,3332.0,0.1869496959647466,59,3332.0
2920.0,57,1091.0,8.590551181102363,4.511395823482973,57,3339.0,0.21044087031321576,57,3339.0
2925.0,57,1213.0,9.330769230769231,4.574929156820133,57,3489.0,0.2195819639273431,57,3489.0
2930.0,58,1053.0,8.162790697674419,4.144980202792788,58,3401.0,0.21010919279809082,58,3401.0
2935.0,60,1034.0,7.893129770992366,4.0034967549693645,60,3390.0,0.19106019795893622,60,3390.0
2940.0,62,1044.0,7.791044776119403,3.9494613398222644,62,3407.0,0.1740700883887285,62,3407.0
2945.0,61,993.0,7.5227272727272725,3.886489886167691,61,3357.0,0.1655348222335475,61,3357.0
2950.0,63,1028.0,7.7293233082706765,3.8616341694092085,63,3393.0,0.16829497612937236,63,3393.0
2955.0,63,1045.0,7.977099236641221,3.8824873202050605,63,3381.0,0.1656905793091141,63,3381.0
2960.0,61,1102.0,8.412213740458014,4.2034953997366555,61,3401.0,0.17305504799209145,61,3401.0
2965.0,59,1165.0,9.031007751937985,4.3060006980643974,59,3438.0,0.18992444282569826,59,3438.0
2970.0,61,1303.0,10.023076923076923,4.335947785321098,61,3602.0,0.19610909800343385,61,3602.0
2975.0,58,1099.0,8.453846153846154,4.237005696425989,58,3544.0,0.1875676380223073,58,3544.0
2980.0,54,1009.0,7.94488188976378,4.187121494326202,54,3437.0,0.19342658214301411,54,3437.0
2985.0,58,950.0,7.364341085271318,3.9117123705542025,58,3422.0,0.18418526500586138,58,3422.0
2990.0,61,920.0,7.076923076923077,3.8485112688986876,61,3380.0,0.16951266241114815,61,3380.0
2995.0,61,939.0,7.223076923076923,3.707986441575759,61,3412.0,0.16307181903037982,61,3412.0
3000.0,61,946.0,7.276923076923077,3.7668058739411605,61,3529.0,0.1726804886106326,61,3529.0
3005.0,59,971.0,7.412213740458015,3.8814754280508694,59,3528.0,0.17363332086433894,59,3528.0
3010.0,55,1055.0,8.115384615384615,4.154189702976909,55,3565.0,0.19344368257414593,55,3565.0
3015.0,58,1250.0,9.615384615384615,3.882903240215774,58,3748.0,0.1841084594613881,58,3748.0
3020.0,60,1099.0,8.080882352941176,3.8204088337993802,60,3694.0,0.1725444965360643,60,3694.0
3025.0,63,1048.0,7.705882352941177,3.609304220287631,63,3607.0,0.1588749249308154,63,3607.0
3030.0,64,1021.0,7.562962962962963,3.427236342889382,64,3630.0,0.15420764238297155,64,3630.0
3035.0,67,1053.0,7.858208955223881,3.449503698872796,67,3608.0,0.1435615723479772,67,3608.0
3040.0,65,1062.0,7.866666666666666,3.628587675855168,65,3595.0,0.14413376973739186,65,3595.0
3045.0,63,1081.0,8.007407407407408,3.771724275275688,63,3648.0,0.15342660035166175,63,3648.0
3050.0,63,1138.0,8.42962962962963,3.897906326716265,63,3703.0,0.15710950069128127,63,3703.0
3055.0,62,1205.0,9.128787878787879,3.8868068847742796,62,3729.0,0.16386505921672942,62,3729.0
3060.0,60,1306.0,10.046153846153846,3.9363351537559614,60,3922.0,0.1765984379969984,60,3922.0
3065.0,60,1149.0,8.770992366412214,3.704821513678446,60,3839.0,0.17738658832513426,60,3839.0
3070.0,61,1093.0,8.218045112781954,3.656013271185834,61,3707.0,0.15970007405370948,61,3707.0
3075.0,66,1109.0,8.154411764705882,3.613265441233057,66,3705.0,0.1502833273738051,66,3705.0
3080.0,66,1099.0,8.325757575757576,3.5829766960017295,66,3693.0,0.1531308056001696,66,3693.0
3085.0,64,1131.0,8.568181818181818,3.7139025983503835,64,3741.0,0.156436264967032,64,3741.0
3090.0,60,1086.0,8.165413533834586,3.8328337354694355,60,3714.0,0.1627925333408584,60,3714.0
3095.0,60,1124.0,8.451127819548873,3.849257870818849,60,3744.0,0.17029225388927705,60,3744.0
3100.0,58,1179.0,9.13953488372093,3.8698772506178862,58,3814.0,0.18313196937412057,58,3814.0
3105.0,59,1296.0,9.96923076923077,3.8361394822357933,59,3993.0,0.18251358818973237,59,3993.0
3110.0,63,1166.0,8.900763358778626,3.596604883368366,63,3918.0,0.17012086670172558,63,3918.0
3115.0,65,1122.0,8.564885496183207,3.4338285338808703,65,3977.0,0.16005281787279454,65,3977.0
3120.0,68,1106.0,8.507692307692308,3.3229700461191904,68,3933.0,0.1499566099484775,68,3933.0
3125.0,65,1133.0,8.648854961832061,3.3751228309236034,65,3960.0,0.14496244290451663,65,3960.0
3130.0,61,1088.0,8.434108527131784,3.4726359970587,61,3910.0,0.1500581404120224,61,3910.0
3135.0,59,1125.0,8.522727272727273,3.9453635753115335,59,3938.0,0.16467458842639007,59,3938.0
3140.0,61,1163.0,8.946153846153846,3.9307703596945625,61,3957.0,0.17258026783731426,61,3957.0
3145.0,57,1165.0,9.031007751937985,4.21694199281148,57,3899.0,0.18271590054520365,57,3899.0
3150.0,62,1364.0,10.740157480314961,4.0041036573897415,62,4084.0,0.19306822969294235,62,4084.0
3155.0,61,1218.0,9.44186046511628,3.621556367447185,61,4006.0,0.1701746722038964,61,4006.0
3160.0,62,1139.0,8.761538461538462,3.641501414995868,62,4042.0,0.17189296577953703,62,4042.0
3165.0,63,1088.0,8.305343511450381,3.6050290194005274,63,4009.0,0.16475376975817055,63,4009.0
3170.0,60,1094.0,8.48062015503876,3.554482586145032,60,3942.0,0.16452447151776797,60,3942.0
3175.0,60,1101.0,8.534883720930232,3.7780344199183293,60,3880.0,0.1677696548298492,60,3880.0
3180.0,57,1070.0,8.23076923076923,3.8771894623596563,57,3898.0,0.16886986764497952,57,3898.0
3185.0,55,1054.0,8.107692307692307,4.04812988167846,55,3897.0,0.18432169024884154,55,3897.0
3190.0,55,1079.0,8.3,4.015293860009401,55,3927.0,0.17987440986531772,55,3927.0
3195.0,56,1208.0,9.4375,4.06186438568006,56,4058.0,0.190761260260755,56,4058.0
3200.0,57,1060.0,8.217054263565892,3.8844871292485497,57,3963.0,0.18824481418593644,57,3963.0
3205.0,59,959.0,7.320610687022901,3.7832937088577063,59,3785.0,0.17847287921559404,59,3785.0
3210.0,61,1006.0,7.7384615384615385,3.696124909045153,61,3700.0,0.16436983200659616,61,3700.0
3215.0,61,1031.0,7.870229007633588,3.706251593023212,61,3727.0,0.1575365801208495,61,3727.0
3220.0,61,991.0,7.623076923076923,3.5938603336560604,61,3818.0,0.15668037608315663,61,3818.0
3225.0,60,1030.0,7.984496124031008,3.7528955670340034,60,3704.0,0.16584910781216589,60,3704.0
3230.0,59,1101.0,8.46923076923077,3.908709769483157,59,3666.0,0.17227691886581362,59,3666.0
3235.0,56,1109.0,8.6640625,4.165848193100568,56,3748.0,0.1961513779196992,56,3748.0
3240.0,58,1253.0,9.564885496183207,4.000101818979293,58,3929.0,0.18609910437515342,58,3929.0
3245.0,58,1125.0,8.458646616541353,3.939863258683126,58,3842.0,0.16856394743584463,58,3842.0
3250.0,64,1034.0,7.7164179104477615,3.7923544771527498,64,3700.0,0.15024626949335493,64,3700.0
3255.0,68,1061.0,8.099236641221374,3.5896939024104477,68,3665.0,0.15064580502006064,68,3665.0
3260.0,65,1059.0,8.083969465648854,3.632310439317741,65,3630.0,0.14750699479485974,65,3630.0
3265.0,62,1055.0,8.115384615384615,3.720127757771444,62,3586.0,0.14330927694370763,62,3586.0
3270.0,60,1092.0,8.335877862595419,3.8638549908976634,60,3612.0,0.15967212465073996,60,3612.0
3275.0,58,1111.0,8.612403100775193,3.892012894028056,58,3641.0,0.17055029614456862,58,3641.0
3280.0,56,1168.0,9.196850393700787,4.191459000247821,56,3669.0,0.17914875442293746,56,3669.0
3285.0,60,1336.0,10.861788617886178,3.8304347744849436,60,3850.0,0.17615086043840195,60,3850.0
3290.0,59,1192.0,9.851239669421487,3.762443215661792,59,3768.0,0.1787617816632207,59,3768.0
3295.0,55,1068.0,8.682926829268293,3.7048076178802427,55,3818.0,0.1801166804640988,55,3818.0
3300.0,54,1025.0,8.401639344262295,3.7185337614855354,54,3789.0,0.17719425846013812,54,3789.0
3305.0,55,989.0,8.241666666666667,3.599982482208787,55,3695.0,0.1627585553040357,55,3695.0
3310.0,53,923.0,7.691666666666666,3.658215836682984,53,3600.0,0.16667575572651555,53,3600.0
3315.0,51,859.0,6.92741935483871,3.971562957772762,51,3640.0,0.1661906899708543,51,3640.0
3320.0,49,901.0,7.385245901639344,4.445435897737089,49,3543.0,0.19373686345610447,49,3543.0
3325.0,54,1036.0,8.491803278688524,4.3922873554782385,54,3554.0,0.19273538808802648,54,3554.0
3330.0,62,1321.0,10.917355371900827,3.9130121100771267,62,3731.0,0.17390538891448706,62,3731.0
3335.0,61,1181.0,9.760330578512397,3.526119342220662,61,3636.0,0.13967745309834922,61,3636.0
3340.0,62,1127.0,9.55084745762712,3.4356573939577277,62,3570.0,0.13186905371157337,62,3570.0
3345.0,63,1092.0,9.75,3.1521931904101166,63,3560.0,0.12266392794536367,63,3560.0
3350.0,60,1100.0,9.90990990990991,3.4126842508154738,60,3514.0,0.11654402805889477,60,3514.0
3355.0,58,1075.0,9.953703703703704,3.7134483236229867,58,3461.0,0.13633822382262356,58,3461.0
3360.0,54,1072.0,10.11320754716981,4.19342098549116,54,3463.0,0.17101189316638246,54,3463.0
3365.0,44,1006.0,9.58095238095238,4.924409071189479,44,3457.0,0.21704329249080553,44,3457.0
3370.0,37,988.0,10.081632653061224,5.215401026312687,37,3407.0,0.24782789884407286,37,3407.0
3375.0,39,1071.0,11.15625,5.244739594072613,39,3551.0,0.25155663292514574,39,3551.0
3380.0,37,819.0,8.621052631578948,4.64744273344517,37,3340.0,0.22782208359313832,37,3340.0
3385.0,31,582.0,6.191489361702128,5.0067065536183755,31,3086.0,0.2371378142722004,31,3086.0
3390.0,29,427.0,4.494736842105263,5.015555502684157,29,2933.0,0.22779327129998259,29,2933.0
3395.0,25,285.0,3.064516129032258,5.063485906623469,25,2699.0,0.22774779522283053,25,2699.0
3400.0,35,434.0,4.666666666666667,4.774634406457415,35,2555.0,0.20508625985290213,35,2555.0
3405.0,41,614.0,6.673913043478261,4.577772369673766,41,2424.0,0.17691707285983657,41,2424.0
3410.0,47,831.0,8.840425531914894,4.501666685808589,47,2373.0,0.13142564714379606,47,2373.0
3415.0,54,1077.0,11.580645161290322,3.966796463254418,54,2514.0,0.10104581437652184,54,2514.0
3420.0,58,1356.0,15.066666666666666,3.410215962346264,58,2774.0,0.07648479856583341,58,2774.0
3425.0,55,1190.0,13.67816091954023,3.1408560674965305,55,2666.0,0.04854302981828235,55,2666.0
3430.0,49,1071.0,12.903614457831326,3.778079414528223,49,2543.0,0.09107166724583045,49,2543.0
3435.0,41,937.0,11.7125,3.9446410828181406,41,2395.0,0.11684495991023346,41,2395.0
3440.0,36,825.0,10.714285714285714,4.505688737654927,36,2203.0,0.13126740442001225,36,2203.0
3445.0,28,654.0,8.72,5.5080637162253625,28,2063.0,0.19181854080387534,28,2063.0
3450.0,19,487.0,6.763888888888889,6.334713470602243,19,1798.0,0.25703621960591905,19,1798.0
3455.0,11,230.0,3.3823529411764706,7.317842946151956,11,1514.0,0.3553051284051416,11,1514.0
3460.0,6,133.0,2.111111111111111,7.856760590120889,6,1334.0,0.4399027438095655,6,1334.0
3465.0,4,141.0,2.35,8.39838190931694,4,1246.0,0.512376074296959,4,1246.0
3470.0,6,18.0,0.3157894736842105,7.995155024832519,6,1159.0,0.478963670371012,6,1159.0
3475.0,12,63.0,1.1454545454545455,6.74344384936213,12,1161.0,0.3106853796795614,12,1161.0
3480.0,19,142.0,2.8979591836734695,5.070607533167852,19,1240.0,0.18661670399679428,19,1240.0
3485.0,25,255.0,5.543478260869565,3.7415258101618907,25,1356.0,0.13087472472209627,25,1356.0
3490.0,31,393.0,9.13953488372093,2.1360565809504646,31,1495.0,0.05037069839089825,31,1495.0
3495.0,34,559.0,13.634146341463415,1.8053147606036348,34,1661.0,0.05158267926961373,34,1661.0
3500.0,35,732.0,18.76923076923077,1.2989059693885179,35,1834.0,0.05080043841739664,35,1834.0
3505.0,35,907.0,23.86842105263158,0.7030091171898246,35,2009.0,0.027519376759204465,35,2009.0
3510.0,37,1085.0,27.125,0.46488004341299227,37,2187.0,0.01131618823373766,37,2187.0
3515.0,27,808.0,20.2,2.066275786431555,27,1875.0,0.08236975973994724,27,1875.0
3520.0,17,512.0,12.8,4.499560550763416,17,1718.0,0.21297450253238306,17,1718.0
3525.0,9,270.0,6.75,6.269763782100005,9,1400.0,0.2922380010854456,9,1400.0
3530.0,3,55.0,1.375,8.13642358797302,3,1127.0,0.4151763679837832,3,1127.0
3535.0,1,24.0,0.6,9.524187285812578,1,781.0,0.5451946998267558,1,781.0
3540.0,2,33.0,0.9166666666666666,10.278162556912246,2,488.0,0.5814028394844596,2,488.0
3545.0,3,44.0,1.375,10.284295239018595,3,279.0,0.4826781338827677,3,279.0
3550.0,3,59.0,2.0344827586206895,10.2179002845889,3,136.0,0.21358685387710433,3,136.0
3555.0,3,74.0,2.740740740740741,9.714459653272904,3,94.0,0.16890354425507648,3,94.0
3560.0,2,2.0,0.08333333333333333,10.75678460975466,2,22.0,0.48792600581777784,2,22.0
3565.0,1,7.0,0.3888888888888889,11.409475140070727,1,27.0,0.7166156964903577,1,27.0
3570.0,1,12.0,0.8571428571428571,11.144502194030789,1,32.0,0.7481957355018366,1,32.0
3575.0,1,17.0,1.7,10.788204115981523,1,37.0,0.7611210562755224,1,37.0
3580.0,1,22.0,2.75,8.804615232531706,1,42.0,0.5750443895928918,1,42.0
3585.0,2,31.0,5.166666666666667,5.608791801344474,2,51.0,0.2529204413969713,2,51.0
3590.0,3,46.0,9.2,2.786300316956965,3,66.0,0.025504410041916226,3,66.0
3595.0,4,65.0,13.0,2.5597107996475925,4,85.0,0.0,4,85.0
3600.0,4,85.0,17.0,2.5740629878603896,4,105.0,0.0,4,105.0
3605.0,0,0.0,0.0,9.376973991818932,0,0.0,0.7772878289481393,0,0.0
3610.0,0,0.0,0.0,11.628228962507665,0,0.0,0.9266196862304868,0,0.0
3615.0,0,0.0,0.0,11.680474066715789,0,0.0,0.9346574513328185,0,0.0
3620.0,0,0.0,0.0,11.712246232554415,0,0.0,0.9556865430879581,0,0.0
3625.0,0,0.0,0.0,11.769382096331201,0,0.0,0.9510429693396885,0,0.0
3630.0,0,0.0,0.0,11.457195766046915,0,0.0,0.976506036515961,0,0.0
3635.0,0,0.0,0.0,11.593376092723972,0,0.0,1.0,0,0.0
3640.0,0,0.0,0.0,11.16816135630424,0,0.0,1.0,0,0.0
3645.0,0,0.0,0.0,11.493739633734272,0,0.0,1.0,0,0.0
3650.0,0,0.0,0.0,11.697032701381882,0,0.0,1.0,0,0.0
3655.0,0,0.0,0.0,9.973368972685085,0,0.0,1.0,0,0.0
