step,system_total_stopped,system_total_waiting_time,system_mean_waiting_time,system_mean_speed,J11_stopped,J11_accumulated_waiting_time,J11_average_speed,agents_total_stopped,agents_total_accumulated_waiting_time
5.0,0,0.0,0.0,0.0,0,0.0,1.0,0,0.0
10.0,0,0.0,0.0,0.0,0,0.0,1.0,0,0.0
15.0,0,0.0,0.0,0.0,0,0.0,1.0,0,0.0
20.0,0,0.0,0.0,0.0,0,0.0,1.0,0,0.0
25.0,0,0.0,0.0,0.0,0,0.0,1.0,0,0.0
30.0,0,0.0,0.0,0.0,0,0.0,1.0,0,0.0
35.0,0,0.0,0.0,0.0,0,0.0,1.0,0,0.0
40.0,0,0.0,0.0,0.0,0,0.0,1.0,0,0.0
45.0,0,0.0,0.0,0.0,0,0.0,1.0,0,0.0
50.0,0,0.0,0.0,0.0,0,0.0,1.0,0,0.0
55.0,0,0.0,0.0,0.0,0,0.0,1.0,0,0.0
60.0,0,0.0,0.0,0.0,0,0.0,1.0,0,0.0
65.0,0,0.0,0.0,0.0,0,0.0,1.0,0,0.0
70.0,0,0.0,0.0,0.0,0,0.0,1.0,0,0.0
75.0,0,0.0,0.0,0.0,0,0.0,1.0,0,0.0
80.0,0,0.0,0.0,0.0,0,0.0,1.0,0,0.0
85.0,0,0.0,0.0,0.0,0,0.0,1.0,0,0.0
90.0,0,0.0,0.0,0.0,0,0.0,1.0,0,0.0
95.0,0,0.0,0.0,0.0,0,0.0,1.0,0,0.0
100.0,0,0.0,0.0,0.0,0,0.0,1.0,0,0.0
105.0,0,0.0,0.0,0.0,0,0.0,1.0,0,0.0
110.0,0,0.0,0.0,0.0,0,0.0,1.0,0,0.0
115.0,0,0.0,0.0,3.5298738044220954,0,0.0,0.25394775571381983,0,0.0
120.0,0,0.0,0.0,12.675746694789268,0,0.0,0.9119242226467099,0,0.0
125.0,0,0.0,0.0,12.739344876236283,0,0.0,0.9164996313839052,0,0.0
130.0,0,0.0,0.0,13.687609899416566,0,0.0,0.9847201366486739,0,0.0
135.0,0,0.0,0.0,12.50925650340505,0,0.0,0.8999465110363345,0,0.0
140.0,0,0.0,0.0,12.899581462470815,0,0.0,1.0,0,0.0
145.0,0,0.0,0.0,12.897584339580499,0,0.0,1.0,0,0.0
150.0,0,0.0,0.0,13.038237571227365,0,0.0,1.0,0,0.0
155.0,1,0.0,0.0,6.204078930767719,1,0.0,0.0,1,0.0
160.0,0,0.0,0.0,11.18491493804613,0,0.0,0.6592368402957193,0,0.0
165.0,0,0.0,0.0,13.038237571227365,0,0.0,0.9380027029659974,0,0.0
170.0,0,0.0,0.0,12.408157861535438,0,0.0,0.8926732274485927,0,0.0
175.0,0,0.0,0.0,13.206437795981765,0,0.0,0.9501034385598391,0,0.0
180.0,2,0.0,0.0,4.031172666926451,2,0.0,0.29001242208103956,2,0.0
185.0,0,0.0,0.0,9.528475822060882,0,0.0,0.7182486873520404,0,0.0
190.0,0,0.0,0.0,13.084993298258633,0,0.0,0.9481077537840071,0,0.0
195.0,0,0.0,0.0,12.889257970708423,0,0.0,0.921925767658198,0,0.0
200.0,0,0.0,0.0,11.986378734506435,0,0.0,0.8522147979973692,0,0.0
205.0,0,0.0,0.0,9.946956760347344,0,0.0,0.6642429384630362,0,0.0
210.0,1,3.0,0.6,6.655344903289581,1,3.0,0.4791579740438032,1,3.0
215.0,0,0.0,0.0,10.57764738622254,0,0.0,0.9629282058326156,0,0.0
220.0,0,0.0,0.0,11.484980458850085,0,0.0,0.8977617153039349,0,0.0
225.0,0,0.0,0.0,11.265737305586269,0,0.0,0.9832958572699841,0,0.0
230.0,0,0.0,0.0,12.057198319905424,0,0.0,0.924334346518335,0,0.0
235.0,0,0.0,0.0,11.865615444618726,0,0.0,0.9927139412193101,0,0.0
240.0,0,0.0,0.0,11.404674836349031,0,0.0,0.9157105965202459,0,0.0
245.0,2,1.0,0.25,6.079328820681493,2,1.0,0.002139879098830932,2,1.0
250.0,1,6.0,2.0,7.327284760796464,1,6.0,0.4081074795388164,1,6.0
255.0,0,0.0,0.0,8.80244001817543,0,0.0,0.9111141485617466,0,0.0
260.0,0,0.0,0.0,11.020721879631362,0,0.0,0.934545250996429,0,0.0
265.0,0,0.0,0.0,8.810992318429445,0,0.0,0.6306466983302353,0,0.0
270.0,0,0.0,0.0,9.709282139451837,0,0.0,0.8195820782314791,0,0.0
275.0,0,0.0,0.0,10.110419823148536,0,0.0,0.8632126526029538,0,0.0
280.0,0,0.0,0.0,9.785788769243368,0,0.0,0.7634282878945443,0,0.0
285.0,0,0.0,0.0,10.637747682475258,0,0.0,0.8916634339330016,0,0.0
290.0,0,0.0,0.0,10.497498648306603,0,0.0,0.840376249370574,0,0.0
295.0,1,0.0,0.0,9.633944743977928,1,0.0,0.7073075832096487,1,0.0
300.0,4,3.0,0.3333333333333333,6.3498519693941455,4,3.0,0.4475153537920372,4,3.0
305.0,0,0.0,0.0,10.657923977974175,0,0.0,0.9317448123714255,0,0.0
310.0,0,0.0,0.0,10.752282387085723,0,0.0,0.7950103471446325,0,0.0
315.0,0,0.0,0.0,9.526147917393846,0,0.0,0.7189856540675356,0,0.0
320.0,1,0.0,0.0,10.415542495301837,1,0.0,0.7901945485059299,1,0.0
325.0,0,0.0,0.0,11.449984242480461,0,0.0,0.8584148513596092,0,0.0
330.0,0,0.0,0.0,11.247507832061215,0,0.0,0.8142828605659277,0,0.0
335.0,0,0.0,0.0,11.352745512413188,0,0.0,0.9056911985173747,0,0.0
340.0,0,0.0,0.0,9.838118878205727,0,0.0,0.6626791645353604,0,0.0
345.0,0,0.0,0.0,10.559865861378938,0,0.0,0.790282744490061,0,0.0
350.0,0,0.0,0.0,8.60414890676379,0,0.0,0.6350537698870249,0,0.0
355.0,1,1.0,0.1111111111111111,10.167556184483136,1,1.0,0.7532466163279962,1,1.0
360.0,1,6.0,0.6666666666666666,10.166133367603768,1,6.0,0.7697627302990859,1,6.0
365.0,0,0.0,0.0,10.610068524330616,0,0.0,0.9135287494547516,0,0.0
370.0,1,0.0,0.0,9.547801028596417,1,0.0,0.6145522644363355,1,0.0
375.0,1,0.0,0.0,8.87265830197125,1,0.0,0.6372809129048537,1,0.0
380.0,1,0.0,0.0,9.336371808350068,1,0.0,0.5447206098890045,1,0.0
385.0,0,0.0,0.0,10.669821912145537,0,0.0,0.7793082786213099,0,0.0
390.0,0,0.0,0.0,10.697904140081775,0,0.0,0.7523980068178631,0,0.0
395.0,0,0.0,0.0,11.365713359024365,0,0.0,0.8492176845951982,0,0.0
400.0,2,2.0,0.16666666666666666,10.255400494093033,2,2.0,0.7309068223293559,2,2.0
405.0,0,0.0,0.0,9.930971026267589,0,0.0,0.7045934690914664,0,0.0
410.0,1,4.0,0.3076923076923077,11.526466371043272,1,4.0,0.8337467695509075,1,4.0
415.0,1,1.0,0.08333333333333333,10.224472433161704,1,1.0,0.6906097580795904,1,1.0
420.0,3,10.0,0.7692307692307693,9.163241273479432,3,10.0,0.49539483228274117,3,10.0
425.0,1,0.0,0.0,9.222831517552214,1,11.0,0.6060890810334314,1,11.0
430.0,2,0.0,0.0,7.6435164722046665,2,0.0,0.41738030423444983,2,0.0
435.0,0,0.0,0.0,10.74415933324167,0,0.0,0.8539514327506199,0,0.0
440.0,0,0.0,0.0,11.791364782464427,0,0.0,0.9537444638192392,0,0.0
445.0,0,0.0,0.0,11.965301793614731,0,0.0,0.9235000413380636,0,0.0
450.0,0,0.0,0.0,11.381378891983422,0,0.0,0.7874097557845123,0,0.0
455.0,2,1.0,0.1,7.9367086373729405,2,1.0,0.38439371608469,2,1.0
460.0,4,11.0,1.0,6.725901749410158,4,11.0,0.41033976917879134,4,11.0
465.0,0,0.0,0.0,9.329976134778887,0,0.0,0.791985466387476,0,0.0
470.0,1,0.0,0.0,9.786410115733668,1,0.0,0.7044825973462423,1,0.0
475.0,0,0.0,0.0,11.445511511495674,0,0.0,0.8692014705971427,0,0.0
480.0,0,0.0,0.0,10.621311807574314,0,0.0,0.8414426516146624,0,0.0
485.0,0,0.0,0.0,11.264537004789178,0,0.0,0.8911523294580622,0,0.0
490.0,0,0.0,0.0,10.67539434177642,0,0.0,0.8266740141462832,0,0.0
495.0,0,0.0,0.0,9.404521602054446,0,0.0,0.5747680881650349,0,0.0
500.0,1,4.0,0.2222222222222222,10.041413803290048,1,4.0,0.6211639318061549,1,4.0
505.0,1,0.0,0.0,9.777762872932316,1,1.0,0.6057175801362371,1,1.0
510.0,1,0.0,0.0,11.1087784460453,1,0.0,0.7688442015848979,1,0.0
515.0,2,0.0,0.0,9.752089408598536,2,0.0,0.567542549723043,2,0.0
520.0,3,3.0,0.15789473684210525,8.34697813410674,3,3.0,0.47344840784859143,3,3.0
525.0,0,0.0,0.0,11.028905033368407,0,3.0,0.8469858127379641,0,3.0
530.0,0,0.0,0.0,11.088713928130483,0,0.0,0.8190447446957428,0,0.0
535.0,1,2.0,0.13333333333333333,11.746427340485097,1,2.0,0.847714224139653,1,2.0
540.0,1,7.0,0.4375,10.196843581210246,1,7.0,0.7164531004763485,1,7.0
545.0,1,0.0,0.0,9.596471015813774,1,0.0,0.6588253281556111,1,0.0
550.0,2,7.0,0.4666666666666667,9.79527019110251,2,7.0,0.5795593387720948,2,7.0
555.0,4,2.0,0.10526315789473684,7.389807035304717,4,5.0,0.33967907762232874,4,5.0
560.0,2,12.0,0.5454545454545454,9.443339961004616,2,12.0,0.5652392071611405,2,12.0
565.0,0,0.0,0.0,11.424166755805553,0,0.0,0.8570933130238737,0,0.0
570.0,0,0.0,0.0,11.155019382897905,0,0.0,0.8124558433475644,0,0.0
575.0,1,0.0,0.0,11.424973618189906,1,0.0,0.8648594507759358,1,0.0
580.0,2,3.0,0.125,10.552356726364787,2,3.0,0.7296752154401867,2,3.0
585.0,0,0.0,0.0,8.649610550061045,0,0.0,0.5622575885664035,0,0.0
590.0,3,8.0,0.4,9.952443816455817,3,8.0,0.5559970503397687,3,8.0
595.0,0,0.0,0.0,9.528454487724135,0,5.0,0.4847984942953013,0,5.0
600.0,1,5.0,0.25,11.147029988060083,1,5.0,0.6620313049344372,1,5.0
605.0,1,1.0,0.045454545454545456,9.79771813878463,1,1.0,0.5103222645997171,1,1.0
610.0,2,10.0,0.4,9.507055345346371,2,10.0,0.5981840184465271,2,10.0
615.0,1,0.0,0.0,10.075874483212754,1,0.0,0.7257501642684415,1,0.0
620.0,2,0.0,0.0,11.060226130972252,2,0.0,0.8061700858554772,2,0.0
625.0,0,0.0,0.0,10.985058791607333,0,0.0,0.7700874750353996,0,0.0
630.0,1,5.0,0.15151515151515152,11.01523008388006,1,5.0,0.7955534339550987,1,5.0
635.0,1,3.0,0.08571428571428572,9.645159020605812,1,3.0,0.6884356233037235,1,3.0
640.0,6,24.0,0.6857142857142857,8.134134539479989,6,24.0,0.5125148134743295,6,24.0
645.0,4,12.0,0.32432432432432434,7.965536558434346,4,36.0,0.4957807212963515,4,36.0
650.0,5,13.0,0.3333333333333333,8.318319005258655,5,25.0,0.47884614667581815,5,25.0
655.0,2,5.0,0.125,8.534116640581228,2,26.0,0.46738415225471136,2,26.0
660.0,7,29.0,0.7631578947368421,9.558869110335653,7,41.0,0.5366552887736693,7,41.0
665.0,5,12.0,0.34285714285714286,7.971444344596458,5,45.0,0.3657469300706418,5,45.0
670.0,4,24.0,0.7058823529411765,9.154798852069534,4,31.0,0.4574704536349882,4,31.0
675.0,3,5.0,0.15625,8.37466104266161,3,31.0,0.4123856695221328,3,31.0
680.0,7,21.0,0.6,8.989093263032307,7,30.0,0.42034089532192076,7,30.0
685.0,1,5.0,0.15625,10.43849408042874,1,25.0,0.6716630049407082,1,25.0
690.0,1,5.0,0.16129032258064516,11.55741797280702,1,5.0,0.780557370054292,1,5.0
695.0,2,2.0,0.07142857142857142,11.021017773948904,2,2.0,0.7286611036307435,2,2.0
700.0,4,14.0,0.4666666666666667,10.023537811326523,4,14.0,0.5642938101041834,4,14.0
705.0,2,0.0,0.0,9.872197578361703,2,5.0,0.6235279547384139,2,5.0
710.0,3,7.0,0.22580645161290322,10.348989530209804,3,7.0,0.6731814006402457,3,7.0
715.0,0,0.0,0.0,11.309051336892802,0,0.0,0.8213364794385791,0,0.0
720.0,1,0.0,0.0,11.336081026710792,1,0.0,0.787796656052665,1,0.0
725.0,2,1.0,0.030303030303030304,10.691419685831908,2,1.0,0.7116508196030149,2,1.0
730.0,4,14.0,0.4117647058823529,10.113606046344437,4,14.0,0.6505954821372276,4,14.0
735.0,0,0.0,0.0,10.022193701295011,0,10.0,0.6571814484970011,0,10.0
740.0,1,2.0,0.06666666666666667,11.241944715008644,1,2.0,0.7586296569082587,1,2.0
745.0,2,2.0,0.06060606060606061,9.637707296990955,2,2.0,0.597281242223443,2,2.0
750.0,3,14.0,0.45161290322580644,10.194142082006561,3,14.0,0.6294672940276285,3,14.0
755.0,1,1.0,0.03333333333333333,10.156872443480944,1,11.0,0.6638669573579686,1,11.0
760.0,1,6.0,0.1935483870967742,10.031373986365763,1,6.0,0.6176659892754953,1,6.0
765.0,1,4.0,0.12903225806451613,11.0740252001733,1,4.0,0.7760990694582858,1,4.0
770.0,1,9.0,0.34615384615384615,10.64794708506518,1,9.0,0.7154752900660465,1,9.0
775.0,0,0.0,0.0,10.976698412550599,0,0.0,0.8434446132066092,0,0.0
780.0,4,6.0,0.23076923076923078,9.986544940433372,4,6.0,0.570807824302757,4,6.0
785.0,0,0.0,0.0,8.748251757482029,0,4.0,0.5164747076738406,0,4.0
790.0,5,12.0,0.42857142857142855,9.224940985117808,5,12.0,0.5394189945287597,5,12.0
795.0,1,0.0,0.0,10.462070495571478,1,5.0,0.7284954618295696,1,5.0
800.0,0,0.0,0.0,11.632261994789133,0,0.0,0.8499049980304224,0,0.0
805.0,1,1.0,0.03333333333333333,11.241348610513636,1,1.0,0.843062167363807,1,1.0
810.0,2,6.0,0.17647058823529413,10.049951919137213,2,6.0,0.6743147181602507,2,6.0
815.0,1,2.0,0.058823529411764705,9.890207787882511,1,3.0,0.6777451788031986,1,3.0
820.0,4,12.0,0.34285714285714286,9.995978582339681,4,12.0,0.6481601167997739,4,12.0
825.0,1,0.0,0.0,9.859206717192507,1,14.0,0.6595075062246907,1,14.0
830.0,0,0.0,0.0,11.222091058287786,0,0.0,0.7730648081433908,0,0.0
835.0,1,0.0,0.0,9.864280762810992,1,2.0,0.6332025756859755,1,2.0
840.0,4,9.0,0.24324324324324326,9.365595709918965,4,9.0,0.6117178068614239,4,9.0
845.0,1,1.0,0.02564102564102564,9.346689439877157,1,6.0,0.6114113266735944,1,6.0
850.0,5,13.0,0.3170731707317073,9.743723754335743,5,13.0,0.6289539470217701,5,13.0
855.0,3,7.0,0.17073170731707318,9.22967499546406,3,20.0,0.6047166176457538,3,20.0
860.0,3,8.0,0.18604651162790697,9.783934018878641,3,13.0,0.6626300470866995,3,13.0
865.0,5,5.0,0.11627906976744186,9.032222535341973,5,11.0,0.611124483428355,5,11.0
870.0,4,21.0,0.5,8.742858569246907,4,27.0,0.5925046772006842,4,27.0
875.0,3,5.0,0.10869565217391304,9.056744505511658,3,24.0,0.6356359633913765,3,24.0
880.0,5,22.0,0.4888888888888889,9.332527235837336,5,23.0,0.6532552917044404,5,23.0
885.0,3,11.0,0.2391304347826087,8.889300828382204,3,34.0,0.5942565096748001,3,34.0
890.0,3,10.0,0.20408163265306123,8.776130824274892,3,15.0,0.5484598663429734,3,15.0
895.0,7,10.0,0.19607843137254902,8.471592797826245,7,25.0,0.5106943112449404,7,25.0
900.0,8,35.0,0.660377358490566,8.604646312804082,8,53.0,0.492448702195581,8,53.0
905.0,9,29.0,0.5471698113207547,7.384876242987895,9,74.0,0.43233845807383675,9,74.0
910.0,6,23.0,0.41818181818181815,8.130884973759494,6,70.0,0.512242092621116,6,70.0
915.0,7,17.0,0.288135593220339,7.601008257150316,7,81.0,0.4888289534556016,7,81.0
920.0,10,38.0,0.6229508196721312,7.939920465882071,10,90.0,0.5161873017951106,10,90.0
925.0,9,38.0,0.6333333333333333,7.941352855622625,9,108.0,0.5224150778102371,9,108.0
930.0,7,28.0,0.45901639344262296,7.8918849572868925,7,91.0,0.4820079852835739,7,91.0
935.0,9,23.0,0.38333333333333336,6.8166113915614925,9,94.0,0.3957012641107332,9,94.0
940.0,9,37.0,0.5873015873015873,6.492311034504344,9,109.0,0.3333842267398249,9,109.0
945.0,13,40.0,0.6349206349206349,6.621120149751442,13,131.0,0.3616429749943691,13,131.0
950.0,10,38.0,0.6229508196721312,7.105654746669757,10,122.0,0.37348116184829117,10,122.0
955.0,10,32.0,0.5161290322580645,7.027057355983659,10,133.0,0.3547571802336474,10,133.0
960.0,10,31.0,0.5254237288135594,6.65209875692399,10,137.0,0.31976616920214906,10,137.0
965.0,10,29.0,0.5,6.03343218357267,10,155.0,0.26825273614189427,10,155.0
970.0,10,28.0,0.4666666666666667,6.373650090140393,10,157.0,0.29273471385138916,10,157.0
975.0,10,26.0,0.43333333333333335,6.960023337332796,10,164.0,0.3757686281011801,10,164.0
980.0,9,26.0,0.4262295081967213,7.232014073772373,9,145.0,0.39161992895622677,9,145.0
985.0,11,30.0,0.5,7.46782011307373,11,160.0,0.4347407048143882,11,160.0
990.0,8,35.0,0.5833333333333334,7.672416297303182,8,146.0,0.4142318960326511,8,146.0
995.0,13,39.0,0.6190476190476191,6.699100350813309,13,131.0,0.3302824330563317,13,131.0
1000.0,11,44.0,0.7213114754098361,6.703628037548539,11,145.0,0.3601091478860972,11,145.0
1005.0,10,35.0,0.5555555555555556,6.989461294751517,10,144.0,0.3928500274323422,10,144.0
1010.0,8,34.0,0.5666666666666667,7.1661087924589175,8,142.0,0.41100196273839507,8,142.0
1015.0,9,30.0,0.5084745762711864,6.709386967115847,9,151.0,0.3921244507593656,9,151.0
1020.0,9,41.0,0.6307692307692307,6.783569707670311,9,139.0,0.37380239773371216,9,139.0
1025.0,15,41.0,0.6212121212121212,6.343669456123802,15,161.0,0.360499658742609,15,161.0
1030.0,13,51.0,0.7391304347826086,6.691065946276039,13,173.0,0.38165822700203295,13,173.0
1035.0,11,36.0,0.5142857142857142,6.621661883852656,11,187.0,0.41283405691646335,11,187.0
1040.0,9,28.0,0.3783783783783784,7.237880733325184,9,160.0,0.44197729481169984,9,160.0
1045.0,10,31.0,0.40789473684210525,6.76473722301214,10,172.0,0.4024280557832609,10,172.0
1050.0,14,40.0,0.5,6.294723857382334,14,158.0,0.3329335140130061,14,158.0
1055.0,11,45.0,0.5844155844155844,5.731000406020389,11,184.0,0.3133844835724854,11,184.0
1060.0,12,41.0,0.5,6.043382146214141,12,175.0,0.3208312505992463,12,175.0
1065.0,10,25.0,0.30864197530864196,5.803817204112248,10,187.0,0.3264421693141012,10,187.0
1070.0,11,35.0,0.4117647058823529,5.753116521482208,11,174.0,0.31534103328220014,11,174.0
1075.0,9,25.0,0.28735632183908044,5.6870660463866605,9,194.0,0.326932947977458,9,194.0
1080.0,11,35.0,0.38461538461538464,5.5322468277624495,11,193.0,0.2999890337794783,11,193.0
1085.0,11,35.0,0.3804347826086957,5.246067648162266,11,194.0,0.2924656973958649,11,194.0
1090.0,14,39.0,0.4105263157894737,5.525212460145799,14,185.0,0.30073522605233793,14,185.0
1095.0,13,35.0,0.3684210526315789,5.136681646018678,13,213.0,0.25573201582041166,13,213.0
1100.0,12,39.0,0.42391304347826086,4.905097554821715,12,218.0,0.23181019246777546,12,218.0
1105.0,16,39.0,0.40625,4.118915965771901,16,247.0,0.17045187146008062,16,247.0
1110.0,15,49.0,0.5104166666666666,4.376891866177551,15,261.0,0.21152585297964133,15,261.0
1115.0,16,49.0,0.5,4.532215597555335,16,266.0,0.235171559022512,16,266.0
1120.0,18,62.0,0.6262626262626263,4.323775881228864,18,303.0,0.2282335106726165,18,303.0
1125.0,16,49.0,0.5,4.05554693207161,16,319.0,0.21562108339629757,16,319.0
1130.0,13,40.0,0.40816326530612246,4.293387906074331,13,279.0,0.19196360836771875,13,279.0
1135.0,11,33.0,0.33,4.09641338860453,11,295.0,0.18649293140803444,11,295.0
1140.0,11,34.0,0.3469387755102041,4.431330294475652,11,289.0,0.18897207250148151,11,289.0
1145.0,9,26.0,0.26262626262626265,4.2296670695660925,9,288.0,0.17214383298912914,9,288.0
1150.0,12,33.0,0.336734693877551,4.454426892922805,12,268.0,0.1976247592334974,12,268.0
1155.0,12,33.0,0.34375,3.9371994069900484,12,284.0,0.16749828129955538,12,284.0
1160.0,11,42.0,0.4421052631578947,4.327134956523909,11,246.0,0.18107794744389455,11,246.0
1165.0,9,31.0,0.31313131313131315,4.506363383447809,9,253.0,0.2195531414640272,9,253.0
1170.0,12,29.0,0.2815533980582524,4.802581667829288,12,257.0,0.23874147891975822,12,257.0
1175.0,11,26.0,0.2524271844660194,4.6293441725179,11,255.0,0.23775460870778795,11,255.0
1180.0,11,33.0,0.3235294117647059,4.590975903969215,11,237.0,0.2436025146067069,11,237.0
1185.0,10,24.0,0.22857142857142856,4.426826934163665,10,222.0,0.23730657248941703,10,222.0
1190.0,15,42.0,0.3853211009174312,4.297931193639426,15,214.0,0.2054674899592773,15,214.0
1195.0,11,40.0,0.36036036036036034,4.36667193356593,11,233.0,0.2199388751881986,11,233.0
1200.0,14,42.0,0.3783783783783784,4.193918459097448,14,221.0,0.1984415693225681,14,221.0
1205.0,15,44.0,0.3963963963963964,4.133357952075522,15,247.0,0.20240043616878559,15,247.0
1210.0,18,45.0,0.3879310344827586,3.9272913292417315,18,244.0,0.1638559521674286,18,244.0
1215.0,15,39.0,0.33620689655172414,3.7945730929397645,15,262.0,0.1800085502336374,15,262.0
1220.0,15,48.0,0.4067796610169492,3.916121316352393,15,275.0,0.18650973175668892,15,275.0
1225.0,15,49.0,0.4224137931034483,3.4722609657073376,15,312.0,0.15125706492929533,15,312.0
1230.0,15,59.0,0.5130434782608696,3.29667984032069,15,319.0,0.13402358327188202,15,319.0
1235.0,16,51.0,0.4322033898305085,3.2057653614729706,16,355.0,0.13145055186984628,16,355.0
1240.0,20,48.0,0.39669421487603307,3.641883147869255,20,361.0,0.1643410547610533,20,361.0
1245.0,18,54.0,0.45,3.471626216597682,18,412.0,0.1867798342364126,18,412.0
1250.0,20,53.0,0.4274193548387097,3.511699830034146,20,422.0,0.17443544530628116,20,422.0
1255.0,19,51.0,0.3953488372093023,3.109060420291854,19,464.0,0.15316370542430602,19,464.0
1260.0,18,58.0,0.44274809160305345,3.331351903820676,18,461.0,0.15036851598906167,18,461.0
1265.0,13,47.0,0.3533834586466165,3.1893463943012703,13,468.0,0.14309768027402678,13,468.0
1270.0,15,41.0,0.30597014925373134,3.2215275323599357,15,451.0,0.13925949404713175,15,451.0
1275.0,12,39.0,0.2846715328467153,3.122224758286105,12,465.0,0.1381079517616467,12,465.0
1280.0,14,35.0,0.2517985611510791,3.0801664972199543,14,443.0,0.1298539166902038,14,443.0
1285.0,9,28.0,0.19858156028368795,3.179086499315496,9,429.0,0.13921829770188682,9,429.0
1290.0,9,25.0,0.17985611510791366,3.1652553044192886,9,395.0,0.14072710381211403,9,395.0
1295.0,13,30.0,0.2127659574468085,2.9809401520210743,13,387.0,0.1256407665507451,13,387.0
1300.0,14,48.0,0.34782608695652173,3.0719861143514766,14,356.0,0.12714498713786956,14,356.0
1305.0,15,52.0,0.37681159420289856,2.8129608405270408,15,373.0,0.12296913584682966,15,373.0
1310.0,14,47.0,0.34057971014492755,3.0041148740151327,14,346.0,0.12911333936340763,14,346.0
1315.0,11,35.0,0.2517985611510791,2.9618047463134585,11,323.0,0.1273784154263826,11,323.0
1320.0,11,26.0,0.18571428571428572,3.182341634918914,11,313.0,0.12781270865537692,11,313.0
1325.0,12,24.0,0.17266187050359713,2.9991501806974092,12,315.0,0.12763196513179412,12,315.0
1330.0,11,35.0,0.2517985611510791,3.1504869684794143,11,275.0,0.1317982967001587,11,275.0
1335.0,11,32.0,0.22857142857142856,3.1667887077145966,11,267.0,0.12667527016804092,11,267.0
1340.0,14,39.0,0.2846715328467153,3.3526505647371683,14,259.0,0.13958358564330234,14,259.0
1345.0,14,37.0,0.27611940298507465,3.186541489891593,14,255.0,0.14353152750823844,14,255.0
1350.0,15,36.0,0.26277372262773724,3.3121487141239374,15,258.0,0.14195525189657165,15,258.0
1355.0,13,31.0,0.22962962962962963,2.9653954506620113,13,289.0,0.14002705865540901,13,289.0
1360.0,12,44.0,0.3235294117647059,3.139818313954563,12,295.0,0.14238531068509366,12,295.0
1365.0,12,33.0,0.24087591240875914,2.9050972867465887,12,313.0,0.1340009848997487,12,313.0
1370.0,14,45.0,0.3284671532846715,3.0217020235541905,14,293.0,0.12703023035969163,14,293.0
1375.0,15,39.0,0.2846715328467153,2.887708386617695,15,302.0,0.12720375404299358,15,302.0
1380.0,14,39.0,0.2867647058823529,2.9826334640393104,14,302.0,0.12987156074149067,14,302.0
1385.0,15,35.0,0.2536231884057971,2.877769222945632,15,313.0,0.11804839506825841,15,313.0
1390.0,14,48.0,0.34532374100719426,2.835063489912926,14,320.0,0.11519229890158478,14,320.0
1395.0,12,40.0,0.28776978417266186,2.728120167456149,12,317.0,0.12093854478813629,12,317.0
1400.0,13,39.0,0.2805755395683453,3.0365924033875116,13,306.0,0.1240900066377872,13,306.0
1405.0,15,40.0,0.28776978417266186,2.722529227513442,15,336.0,0.12174484847134938,15,336.0
1410.0,14,34.0,0.24113475177304963,3.1768215893911114,14,304.0,0.12798093069192723,14,304.0
1415.0,13,32.0,0.2222222222222222,3.240650011282425,13,307.0,0.1254524687321151,13,307.0
1420.0,14,40.0,0.28776978417266186,3.1151277283015624,14,299.0,0.12590237068059743,14,299.0
1425.0,12,35.0,0.2536231884057971,3.078661196968666,12,323.0,0.1358736092278044,12,323.0
1430.0,11,34.0,0.2463768115942029,3.0475509112204104,11,317.0,0.13221030509588047,11,317.0
1435.0,15,39.0,0.2867647058823529,2.773617980764801,15,337.0,0.12373395789259294,15,337.0
1440.0,14,48.0,0.35294117647058826,2.9321524636142624,14,327.0,0.13250946000025743,14,327.0
1445.0,12,38.0,0.2773722627737226,2.9722461267307905,12,331.0,0.1301408359116006,12,331.0
1450.0,13,43.0,0.30935251798561153,3.0348286417386983,13,327.0,0.12815729325691266,13,327.0
1455.0,15,43.0,0.30935251798561153,2.9382533547215983,15,342.0,0.12533712244666,15,342.0
1460.0,14,42.0,0.3088235294117647,2.9170286457220045,14,334.0,0.12874011254450102,14,334.0
1465.0,15,44.0,0.31654676258992803,2.8586189118708245,15,364.0,0.1204929382262452,15,364.0
1470.0,15,57.0,0.41304347826086957,3.012172583674328,15,374.0,0.12512644169284604,15,374.0
1475.0,12,43.0,0.3115942028985507,2.825775332479831,12,384.0,0.12341375778484545,12,384.0
1480.0,17,42.0,0.302158273381295,2.8267463045125885,17,370.0,0.11759095927424316,17,370.0
1485.0,15,40.0,0.29411764705882354,2.8021924834649887,15,403.0,0.13072124330841906,15,403.0
1490.0,13,37.0,0.26811594202898553,2.797053374440771,13,393.0,0.1259797142539779,13,393.0
1495.0,14,32.0,0.23529411764705882,2.7271844134802032,14,386.0,0.1237809257065517,14,386.0
1500.0,13,42.0,0.30434782608695654,3.1049123881081813,13,379.0,0.13463965165344613,13,379.0
1505.0,15,39.0,0.2805755395683453,2.95229684980732,15,394.0,0.12898143787316363,15,394.0
1510.0,14,52.0,0.37410071942446044,3.0533468265606856,14,365.0,0.1283591378162585,14,365.0
1515.0,12,44.0,0.3142857142857143,3.0082362815340518,12,382.0,0.1312800381500144,12,382.0
1520.0,14,47.0,0.3381294964028777,3.2606537714349826,14,342.0,0.12720464468043233,14,342.0
1525.0,14,39.0,0.2846715328467153,3.098760880780217,14,362.0,0.13764177601018288,14,362.0
1530.0,10,28.0,0.2014388489208633,3.231849532523592,10,328.0,0.12983484424459935,10,328.0
1535.0,11,20.0,0.14492753623188406,2.926606174886101,11,333.0,0.128687872227895,11,333.0
1540.0,12,38.0,0.2733812949640288,3.0087841908028286,12,315.0,0.1300504053194725,12,315.0
1545.0,11,30.0,0.21428571428571427,2.9433138102621283,11,313.0,0.12876766386832358,11,313.0
1550.0,12,33.0,0.2357142857142857,3.0919432477839526,12,291.0,0.13060544492506196,12,291.0
1555.0,15,37.0,0.26618705035971224,2.6998553991460534,15,318.0,0.12259142213816808,15,318.0
1560.0,10,38.0,0.2714285714285714,2.9982175087241427,10,319.0,0.1280355806114854,10,319.0
1565.0,13,36.0,0.2571428571428571,2.8368609032641707,13,319.0,0.1282627255333407,13,319.0
1570.0,14,46.0,0.32857142857142857,2.886272051591526,14,307.0,0.12265549493050297,14,307.0
1575.0,16,42.0,0.29577464788732394,2.700453994480538,16,344.0,0.11746389521415462,16,344.0
1580.0,16,50.0,0.3546099290780142,2.9566623248661905,16,345.0,0.12266439556630936,16,345.0
1585.0,13,38.0,0.26573426573426573,3.008615815485427,13,345.0,0.12145825708066606,13,345.0
1590.0,14,35.0,0.24822695035460993,2.935614900283516,14,336.0,0.12211276070235096,14,336.0
1595.0,14,31.0,0.22302158273381295,2.9185725797391884,14,327.0,0.12522513333298554,14,327.0
1600.0,12,34.0,0.24113475177304963,3.2743350967672544,12,320.0,0.1307721691229604,12,320.0
1605.0,13,35.0,0.25,2.8932053841412513,13,332.0,0.12082113469567708,13,332.0
1610.0,12,41.0,0.29285714285714287,3.0047981903939087,12,319.0,0.12371517723303818,12,319.0
1615.0,14,37.0,0.26811594202898553,3.0312425970014836,14,333.0,0.13065397045371357,14,333.0
1620.0,16,45.0,0.3284671532846715,3.281243500315871,16,352.0,0.13673001513136987,16,352.0
1625.0,13,36.0,0.2608695652173913,3.0340291962843406,13,359.0,0.1292884684474228,13,359.0
1630.0,15,49.0,0.35766423357664234,3.074993364530691,15,374.0,0.1328422974055146,15,374.0
1635.0,16,46.0,0.3333333333333333,2.680668164656443,16,413.0,0.1194849581439105,16,413.0
1640.0,15,54.0,0.39416058394160586,2.8531710882577888,15,427.0,0.1230947929693089,15,427.0
1645.0,17,51.0,0.3695652173913043,2.7146023203209184,17,433.0,0.12328678745425134,17,433.0
1650.0,16,48.0,0.34285714285714286,2.913122453774795,16,412.0,0.12734272237040842,16,412.0
1655.0,15,43.0,0.3049645390070922,2.92534395251433,15,433.0,0.12494858077979046,15,433.0
1660.0,15,42.0,0.3,3.0017911579670313,15,432.0,0.1277987804895024,15,432.0
1665.0,14,36.0,0.2571428571428571,2.7577508191216604,14,456.0,0.12511222047448273,14,456.0
1670.0,12,37.0,0.2642857142857143,3.0501318013963976,12,389.0,0.1267518670036516,12,389.0
1675.0,11,34.0,0.23776223776223776,2.97754818187844,11,406.0,0.12576896058853676,11,406.0
1680.0,12,36.0,0.2553191489361702,3.1321368545486283,12,374.0,0.13403303596555874,12,374.0
1685.0,12,38.0,0.2676056338028169,3.162814253842917,12,397.0,0.13383930121507195,12,397.0
1690.0,12,42.0,0.29577464788732394,3.291781924392786,12,375.0,0.13815829918831346,12,375.0
1695.0,15,38.0,0.2714285714285714,2.9735610612421075,15,379.0,0.13058601541479084,15,379.0
1700.0,16,55.0,0.3900709219858156,2.8740452020797114,16,369.0,0.12680786347989678,16,369.0
1705.0,15,52.0,0.37142857142857144,2.746646089833052,15,377.0,0.12510035997953253,15,377.0
1710.0,16,50.0,0.352112676056338,3.019485694506997,16,354.0,0.12216779705060357,16,354.0
1715.0,18,51.0,0.35664335664335667,2.7726389123572424,18,389.0,0.12387309109815557,18,389.0
1720.0,16,48.0,0.3333333333333333,2.993710814895657,16,394.0,0.12851166442367076,16,394.0
1725.0,18,43.0,0.2945205479452055,2.788639386812765,18,436.0,0.12275878079525308,18,436.0
1730.0,19,60.0,0.4166666666666667,2.9303028069934607,19,431.0,0.11949238453462868,19,431.0
1735.0,13,49.0,0.33793103448275863,2.8681500209638853,13,450.0,0.11944156373513369,13,450.0
1740.0,18,54.0,0.3724137931034483,3.0105986565103686,18,411.0,0.12560439239399315,18,411.0
1745.0,14,45.0,0.3125,2.8032206842788305,14,444.0,0.12186787574729809,14,444.0
1750.0,17,49.0,0.3402777777777778,2.9231932388570465,17,440.0,0.11891318478411016,17,440.0
1755.0,13,41.0,0.2847222222222222,2.8951957484698503,13,457.0,0.12210355229213746,13,457.0
1760.0,13,43.0,0.2986111111111111,2.9138381483219087,13,441.0,0.12982592067357035,13,441.0
1765.0,18,50.0,0.3448275862068966,2.7966021850324325,18,474.0,0.12268025441756798,18,474.0
1770.0,17,63.0,0.4375,2.868393050854081,17,482.0,0.12881579633922322,17,482.0
1775.0,15,52.0,0.36363636363636365,2.8137634294620777,15,496.0,0.12753674795230513,15,496.0
1780.0,16,52.0,0.3611111111111111,2.817643791260211,16,453.0,0.12084880617884869,16,453.0
1785.0,12,38.0,0.2620689655172414,2.8765876446073997,12,481.0,0.12746409275253132,12,481.0
1790.0,13,36.0,0.2482758620689655,3.1691465840295887,13,446.0,0.13176454513207286,13,446.0
1795.0,11,24.0,0.16783216783216784,2.8836642725769157,11,399.0,0.1277459922525545,11,399.0
1800.0,11,41.0,0.2789115646258503,3.0775049386033677,11,392.0,0.1221802058951057,11,392.0
1805.0,12,43.0,0.2945205479452055,3.0235363646716507,12,379.0,0.1290287239586566,12,379.0
1810.0,14,44.0,0.3055555555555556,3.2055294891459885,14,340.0,0.1309507373037849,14,340.0
1815.0,11,32.0,0.22377622377622378,3.0163530198832573,11,357.0,0.13651609025915407,11,357.0
1820.0,11,36.0,0.25,3.197343934488013,11,338.0,0.13293513044841562,11,338.0
1825.0,10,28.0,0.19310344827586207,2.972516308354236,10,343.0,0.13188840000369553,10,343.0
1830.0,10,30.0,0.20833333333333334,3.1002109588342037,10,289.0,0.1282070228714395,10,289.0
1835.0,13,30.0,0.20689655172413793,3.0987338792631016,13,291.0,0.13610047754253118,13,291.0
1840.0,12,41.0,0.2887323943661972,3.2490205035115842,12,311.0,0.14717351564016454,12,311.0
1845.0,10,35.0,0.24822695035460993,3.0815182381069444,10,279.0,0.13777086590166154,10,279.0
1850.0,10,24.0,0.16901408450704225,3.183563381710741,10,250.0,0.1369742605016693,10,250.0
1855.0,9,22.0,0.15827338129496402,3.1581202155350203,9,243.0,0.14207180049879145,9,243.0
1860.0,10,34.0,0.24285714285714285,3.203619265792664,10,249.0,0.1340034411546156,10,249.0
1865.0,9,35.0,0.24822695035460993,3.1480626388946744,9,256.0,0.13540786520748985,9,256.0
1870.0,14,32.0,0.22377622377622378,3.231880146812177,14,219.0,0.12932536953625076,14,219.0
1875.0,11,31.0,0.21830985915492956,3.27170425217178,11,224.0,0.13279086263140796,11,224.0
1880.0,10,25.0,0.17857142857142858,3.1690404351196224,10,208.0,0.13423653231973423,10,208.0
1885.0,7,21.0,0.14893617021276595,3.022219509623866,7,214.0,0.12951493861763194,7,214.0
1890.0,10,30.0,0.2112676056338028,3.151673841421965,10,170.0,0.1258992853043607,10,170.0
1895.0,10,33.0,0.2323943661971831,3.2544652443327657,10,182.0,0.1377764587036984,10,182.0
1900.0,15,41.0,0.2887323943661972,3.2475126964587266,15,174.0,0.13029129025719188,15,174.0
1905.0,14,29.0,0.21014492753623187,2.8353328942432476,14,186.0,0.11964018088611271,14,186.0
1910.0,12,41.0,0.2971014492753623,3.2032979567726603,12,198.0,0.13037686336137277,12,198.0
1915.0,13,36.0,0.26277372262773724,2.9421199747920985,13,220.0,0.12569543247144593,13,220.0
1920.0,14,48.0,0.35294117647058826,2.9595215525571397,14,224.0,0.1303059013611307,14,224.0
1925.0,15,42.0,0.30656934306569344,2.871072298663763,15,250.0,0.12425318452720804,15,250.0
1930.0,13,39.0,0.2846715328467153,2.9719940785998467,13,253.0,0.12132984062741317,13,253.0
1935.0,15,40.0,0.2898550724637681,3.030251798318448,15,281.0,0.1277652177822735,15,281.0
1940.0,17,66.0,0.48175182481751827,3.0307772611064037,17,291.0,0.12242903993013834,17,291.0
1945.0,15,53.0,0.38405797101449274,2.7675121249672388,15,334.0,0.11585312586080707,15,334.0
1950.0,15,53.0,0.38686131386861317,3.0130627417053573,15,346.0,0.11759487294156384,15,346.0
1955.0,17,51.0,0.3722627737226277,2.9289307368963384,17,387.0,0.11881279923031253,17,387.0
1960.0,17,53.0,0.38405797101449274,2.7679197321710762,17,387.0,0.11419563232887277,17,387.0
1965.0,15,39.0,0.2805755395683453,2.56150441563888,15,418.0,0.10675906574570203,15,418.0
1970.0,14,42.0,0.302158273381295,2.9486709170960044,14,417.0,0.11625962561053264,14,417.0
1975.0,14,32.0,0.23703703703703705,2.5875397695516584,14,425.0,0.11352758281038702,14,425.0
1980.0,14,43.0,0.3115942028985507,2.8356007358344577,14,400.0,0.11692374771207135,14,400.0
1985.0,13,36.0,0.26277372262773724,2.748623775582439,13,423.0,0.1166452251502074,13,423.0
1990.0,15,46.0,0.34074074074074073,2.919936426803678,15,402.0,0.12405638177547114,15,402.0
1995.0,15,42.0,0.3111111111111111,2.9918911249031477,15,418.0,0.1294524086099245,15,418.0
2000.0,16,43.0,0.31386861313868614,2.865523631322007,16,390.0,0.12051590334718582,16,390.0
2005.0,14,46.0,0.3357664233576642,2.9592344928863277,14,403.0,0.12208933656698519,14,403.0
2010.0,18,63.0,0.4666666666666667,2.9842441435217415,18,417.0,0.12584543546949137,18,417.0
2015.0,18,52.0,0.3851851851851852,2.8577419486087163,18,443.0,0.12369325239559138,18,443.0
2020.0,14,44.0,0.32116788321167883,2.9313218146793223,14,409.0,0.1220968330209445,14,409.0
2025.0,14,37.0,0.26618705035971224,2.8436515952458676,14,414.0,0.1252260727945462,14,414.0
2030.0,13,41.0,0.29927007299270075,3.043715948814082,13,387.0,0.12244832458395342,13,387.0
2035.0,15,40.0,0.29411764705882354,2.9352569098835137,15,388.0,0.12894735667981774,15,388.0
2040.0,12,34.0,0.24817518248175183,3.2198089333179882,12,354.0,0.13751162958485896,12,354.0
2045.0,10,27.0,0.19285714285714287,3.2503748294159744,10,352.0,0.13068261858329247,10,352.0
2050.0,12,32.0,0.2302158273381295,3.2396537671635186,12,324.0,0.13714164168950257,12,324.0
2055.0,10,25.0,0.18382352941176472,3.034612554331101,10,315.0,0.13120893551402277,10,315.0
2060.0,12,30.0,0.22058823529411764,2.9789859921742483,12,280.0,0.1326987103573499,12,280.0
2065.0,12,27.0,0.19852941176470587,2.9670572457907407,12,294.0,0.13307569759712176,12,294.0
2070.0,13,29.0,0.21323529411764705,3.02326025877052,13,284.0,0.1399405910435572,13,284.0
2075.0,14,35.0,0.25925925925925924,2.835830442106122,14,306.0,0.13262527961044188,14,306.0
2080.0,13,44.0,0.3188405797101449,3.001561555936671,13,279.0,0.12972450992470083,13,279.0
2085.0,16,42.0,0.3111111111111111,2.8174708085037583,16,306.0,0.12723472691568605,16,306.0
2090.0,15,52.0,0.38235294117647056,3.0988574523384576,15,312.0,0.1319146526894341,15,312.0
2095.0,15,40.0,0.29411764705882354,2.8595609242848288,15,339.0,0.1275679387251229,15,339.0
2100.0,15,48.0,0.35036496350364965,2.9719702762226756,15,341.0,0.1290132250362385,15,341.0
2105.0,12,42.0,0.3111111111111111,2.7981100805700367,12,354.0,0.12141807514367103,12,354.0
2110.0,12,36.0,0.26666666666666666,2.981283666176494,12,325.0,0.13052564141881423,12,325.0
2115.0,14,33.0,0.2426470588235294,2.874709749558225,14,351.0,0.12675761181040723,14,351.0
2120.0,16,45.0,0.32608695652173914,3.1066575752010652,16,354.0,0.12223958253260218,16,354.0
2125.0,11,37.0,0.26811594202898553,2.9527754957864056,11,364.0,0.12878223322119547,11,364.0
2130.0,15,34.0,0.24817518248175183,3.17526269986359,15,318.0,0.12830492949279906,15,318.0
2135.0,11,32.0,0.23880597014925373,3.082993172545222,11,323.0,0.13793797320395124,11,323.0
2140.0,11,36.0,0.2647058823529412,3.2601056106096173,11,319.0,0.1444028808557568,11,319.0
2145.0,16,33.0,0.2426470588235294,2.973634250820127,16,310.0,0.12858776956409126,16,310.0
2150.0,15,55.0,0.40441176470588236,3.1973165645858264,15,323.0,0.1350588382834795,15,323.0
2155.0,15,47.0,0.34306569343065696,3.0104128648643615,15,352.0,0.13662832493751345,15,352.0
2160.0,12,47.0,0.34306569343065696,3.1014965437689206,12,330.0,0.13248616450070314,12,330.0
2165.0,12,31.0,0.22302158273381295,2.908322792211497,12,344.0,0.12766465734912597,12,344.0
2170.0,13,37.0,0.26618705035971224,2.996159118129667,13,311.0,0.1341110371550325,13,311.0
2175.0,13,33.0,0.23404255319148937,3.0809768095452825,13,324.0,0.1362176068121965,13,324.0
2180.0,15,38.0,0.2714285714285714,3.109891824583906,15,300.0,0.13019816601209924,15,300.0
2185.0,10,29.0,0.20422535211267606,3.0822647127528917,10,305.0,0.13348103123731106,10,305.0
2190.0,12,30.0,0.2112676056338028,3.2056961669126607,12,275.0,0.13008305370226111,12,275.0
2195.0,14,38.0,0.2714285714285714,2.9752974659616704,14,301.0,0.12712431441292874,14,301.0
2200.0,14,45.0,0.3191489361702128,3.1186479420433604,14,282.0,0.13109906945288974,14,282.0
2205.0,14,43.0,0.30714285714285716,2.7659438864873014,14,304.0,0.12368843630099216,14,304.0
2210.0,14,49.0,0.3475177304964539,3.2163110737281917,14,290.0,0.12437271014504905,14,290.0
2215.0,14,37.0,0.26618705035971224,2.9378705486970875,14,296.0,0.12775712145987322,14,296.0
2220.0,16,46.0,0.32857142857142857,3.0941070503929846,16,286.0,0.12705592190430967,16,286.0
2225.0,17,49.0,0.34507042253521125,2.9457398278796623,17,329.0,0.12458303390869818,17,329.0
2230.0,14,54.0,0.38848920863309355,3.0254812045037394,14,333.0,0.12659321005455879,14,333.0
2235.0,14,45.0,0.32608695652173914,2.7947346247319986,14,355.0,0.12232457084640742,14,355.0
2240.0,14,51.0,0.3722627737226277,2.9256495811051644,14,342.0,0.12439496432898633,14,342.0
2245.0,15,48.0,0.34532374100719426,2.941313752415074,15,367.0,0.12500908076493797,15,367.0
2250.0,13,42.0,0.302158273381295,3.1401726923742594,13,357.0,0.13041759327509472,13,357.0
2255.0,18,42.0,0.302158273381295,2.7077183512059153,18,393.0,0.11919774887479268,18,393.0
2260.0,18,62.0,0.4460431654676259,2.820092874790351,18,399.0,0.12298561647317664,18,399.0
2265.0,17,60.0,0.4316546762589928,2.665997257211542,17,437.0,0.11791713245914265,17,437.0
2270.0,19,66.0,0.4714285714285714,2.795765178882487,19,435.0,0.12014852004342075,19,435.0
2275.0,17,53.0,0.381294964028777,2.689366825646141,17,470.0,0.12371287275640144,17,470.0
2280.0,16,57.0,0.41304347826086957,2.805650092442607,16,446.0,0.12418365053062558,16,446.0
2285.0,17,53.0,0.38405797101449274,2.687968366467038,17,474.0,0.11757243539599138,17,474.0
2290.0,16,54.0,0.38571428571428573,3.137008919530195,16,449.0,0.13045212319253421,16,449.0
2295.0,18,55.0,0.39285714285714285,2.921617232291785,18,489.0,0.12248325052653405,18,489.0
2300.0,15,52.0,0.37142857142857144,3.1256539474600644,15,491.0,0.12829730552967222,15,491.0
2305.0,14,43.0,0.3115942028985507,2.7867070277530956,14,517.0,0.12238795505199422,14,517.0
2310.0,14,45.0,0.3237410071942446,2.9032692697855254,14,496.0,0.12251902237767044,14,496.0
2315.0,17,41.0,0.2971014492753623,2.705856128120306,17,496.0,0.12362703471392801,17,496.0
2320.0,13,41.0,0.2907801418439716,3.124487890134019,13,452.0,0.12367543150384995,13,452.0
2325.0,12,40.0,0.2857142857142857,2.788597173059886,12,463.0,0.12235271045182544,12,463.0
2330.0,13,52.0,0.37681159420289856,3.0383844816288987,13,434.0,0.12696721937408528,13,434.0
2335.0,16,41.0,0.2971014492753623,3.046163904690127,16,418.0,0.12931142404679277,16,418.0
2340.0,14,50.0,0.36231884057971014,3.2259169070759577,14,404.0,0.13181153640841192,14,404.0
2345.0,13,45.0,0.3237410071942446,2.9646354006222855,13,427.0,0.12942407776394002,13,427.0
2350.0,13,42.0,0.30434782608695654,3.1046966659930635,13,386.0,0.12948017488622135,13,386.0
2355.0,18,47.0,0.34306569343065696,2.853190077619755,18,407.0,0.12071182459789724,18,407.0
2360.0,16,59.0,0.427536231884058,3.0317035026851733,16,377.0,0.11953656583206128,16,377.0
2365.0,17,59.0,0.427536231884058,2.9626940624917086,17,414.0,0.12506603502262634,17,414.0
2370.0,15,53.0,0.3897058823529412,3.288561665132473,15,394.0,0.13311701911093202,15,394.0
2375.0,13,40.0,0.29411764705882354,3.0963377186265593,13,380.0,0.1279442637869107,13,380.0
2380.0,12,27.0,0.19708029197080293,3.293161139755803,12,371.0,0.13165334521831443,12,371.0
2385.0,10,25.0,0.18518518518518517,2.9069910636229457,10,388.0,0.12874355937446322,10,388.0
2390.0,12,43.0,0.31851851851851853,2.9945845287305093,12,376.0,0.13182637225869773,12,376.0
2395.0,12,41.0,0.3037037037037037,2.6706062083312454,12,391.0,0.125316601363417,12,391.0
2400.0,16,49.0,0.35766423357664234,2.9717861895474877,16,374.0,0.1258745181970045,16,374.0
2405.0,15,49.0,0.362962962962963,2.87992197051635,15,399.0,0.12765117859497663,15,399.0
2410.0,16,48.0,0.35555555555555557,2.9526302512014557,16,388.0,0.12678614914922312,16,388.0
2415.0,17,51.0,0.3722627737226277,2.974867044605922,17,424.0,0.13005719596117474,17,424.0
2420.0,14,43.0,0.31386861313868614,2.8237690248992124,14,401.0,0.12566060470103302,14,401.0
2425.0,16,42.0,0.3,2.8335473067608135,16,391.0,0.1237884870097144,16,391.0
2430.0,14,50.0,0.36231884057971014,2.9958353088034335,14,389.0,0.12632495595716525,14,389.0
2435.0,15,51.0,0.3722627737226277,2.9341771316228886,15,395.0,0.1278610482805506,15,395.0
2440.0,18,52.0,0.37681159420289856,3.0046654965702295,18,386.0,0.13148307387196026,18,386.0
2445.0,15,45.0,0.3237410071942446,3.06942147349107,15,411.0,0.12656768521539719,15,411.0
2450.0,15,45.0,0.3333333333333333,3.2062202120469228,15,421.0,0.13646925371506635,15,421.0
2455.0,13,45.0,0.3358208955223881,2.949590083483302,13,437.0,0.13329641208008058,13,437.0
2460.0,17,47.0,0.34306569343065696,2.9429368976344756,17,419.0,0.12738659675725003,17,419.0
2465.0,17,37.0,0.26811594202898553,2.964291971139663,17,440.0,0.12998144373664483,17,440.0
2470.0,13,48.0,0.34532374100719426,3.0182861413539492,13,442.0,0.1317953268442069,13,442.0
2475.0,13,41.0,0.30597014925373134,2.7108147094155313,13,445.0,0.12410174489963216,13,445.0
2480.0,14,44.0,0.32116788321167883,3.0241551578424772,14,415.0,0.12946827493777915,14,415.0
2485.0,14,42.0,0.3088235294117647,2.9423373859651027,14,447.0,0.1387687380134082,14,447.0
2490.0,17,43.0,0.3115942028985507,3.0150788141301614,17,448.0,0.13212725216988475,17,448.0
2495.0,12,35.0,0.2631578947368421,2.6964487956215137,12,452.0,0.1266292736385359,12,452.0
2500.0,12,37.0,0.2740740740740741,2.9550305241723547,12,409.0,0.13654694764305786,12,409.0
2505.0,11,29.0,0.20863309352517986,3.0921050796050533,11,382.0,0.13103339362322744,11,382.0
2510.0,14,40.0,0.2857142857142857,3.0290263243690614,14,378.0,0.12517835604134323,14,378.0
2515.0,16,42.0,0.302158273381295,3.0505198179598216,16,402.0,0.12907687846007307,16,402.0
2520.0,14,48.0,0.35294117647058826,3.0181474937902646,14,390.0,0.1357477564275694,14,390.0
2525.0,16,48.0,0.35036496350364965,2.8461816065329866,16,417.0,0.12319839029491012,16,417.0
2530.0,12,47.0,0.34306569343065696,2.9660144197521743,12,417.0,0.1332189757968138,12,417.0
2535.0,13,40.0,0.291970802919708,2.7079606153450237,13,435.0,0.11768682024138657,13,435.0
2540.0,17,58.0,0.4233576642335766,2.808222785078317,17,426.0,0.11838332862734495,17,426.0
2545.0,17,58.0,0.42962962962962964,2.51966511189992,17,458.0,0.12503702220655735,17,458.0
2550.0,17,52.0,0.37681159420289856,2.6239985873360987,17,439.0,0.12049396662662867,17,439.0
2555.0,13,37.0,0.2642857142857143,2.6214880636838296,13,454.0,0.11403436991287419,13,454.0
2560.0,14,41.0,0.29285714285714287,2.915663462983976,14,437.0,0.1264965434557029,14,437.0
2565.0,13,35.0,0.25,2.911412156845575,13,432.0,0.12706612170215695,13,432.0
2570.0,15,44.0,0.3142857142857143,2.8810763328781515,15,375.0,0.11694723600242728,15,375.0
2575.0,13,43.0,0.30714285714285716,2.8823256210628454,13,378.0,0.12075530965354575,13,378.0
2580.0,12,38.0,0.2733812949640288,3.060997834338244,12,387.0,0.1277973395081112,12,387.0
2585.0,12,36.0,0.2589928057553957,2.9335412215380026,12,380.0,0.1261541091800727,12,380.0
2590.0,11,39.0,0.2826086956521739,3.023492854390263,11,342.0,0.13126173753063636,11,342.0
2595.0,11,30.0,0.21739130434782608,2.8341537134694352,11,359.0,0.1253498182141431,11,359.0
2600.0,12,38.0,0.27941176470588236,2.8956212207058485,12,334.0,0.12500606527636385,12,334.0
2605.0,12,34.0,0.2463768115942029,2.8569839254890277,12,319.0,0.12540648272581065,12,319.0
2610.0,13,35.0,0.25,3.0214797637059148,13,264.0,0.1189511285776368,13,264.0
2615.0,12,26.0,0.18705035971223022,2.9156980531573735,12,278.0,0.11899822057880342,12,278.0
2620.0,10,29.0,0.2116788321167883,3.111457982234457,10,259.0,0.12325764607830171,10,259.0
2625.0,9,24.0,0.17518248175182483,3.0802679423676658,9,248.0,0.12347139763957612,9,248.0
2630.0,14,33.0,0.23741007194244604,3.1943972087915764,14,223.0,0.12285961975792538,14,223.0
2635.0,12,30.0,0.22058823529411764,2.9167548501779037,12,254.0,0.12473981961793566,12,254.0
2640.0,12,43.0,0.3161764705882353,3.2015028698176478,12,250.0,0.1285507310104686,12,250.0
2645.0,11,34.0,0.25757575757575757,2.9956246974089784,11,260.0,0.13602841811831606,11,260.0
2650.0,12,34.0,0.25,3.14693038178917,12,241.0,0.1341102676376101,12,241.0
2655.0,11,27.0,0.2,3.113030074848356,11,248.0,0.13096071375467275,11,248.0
2660.0,10,31.0,0.22962962962962963,3.361830024521339,10,248.0,0.13295892099921924,10,248.0
2665.0,8,28.0,0.21052631578947367,3.232477742769276,8,258.0,0.1383190436688129,8,258.0
2670.0,10,34.0,0.2556390977443609,3.25183236464906,10,243.0,0.1383841370056491,10,243.0
2675.0,11,30.0,0.22556390977443608,3.2313514116651416,11,249.0,0.13071936675847065,11,249.0
2680.0,10,31.0,0.23134328358208955,3.4142782799471645,10,246.0,0.1430041019535728,10,246.0
2685.0,12,34.0,0.26153846153846155,3.2601999450593127,12,229.0,0.14795995143053906,12,229.0
2690.0,15,41.0,0.3082706766917293,3.210890692745837,15,233.0,0.13703776484614139,15,233.0
2695.0,11,33.0,0.2462686567164179,3.140528176620254,11,257.0,0.1357821220240439,11,257.0
2700.0,14,42.0,0.3181818181818182,3.1495668235121,14,265.0,0.14429149391704463,14,265.0
2705.0,13,38.0,0.2857142857142857,3.1251325223655457,13,294.0,0.1384025541911381,13,294.0
2710.0,12,41.0,0.30597014925373134,3.001966040567074,12,286.0,0.1309672916935337,12,286.0
2715.0,13,41.0,0.29927007299270075,2.867332288519954,13,314.0,0.12521342471423066,13,314.0
2720.0,14,51.0,0.3722627737226277,2.9566604875968747,14,313.0,0.1283702644134039,14,313.0
2725.0,15,53.0,0.39849624060150374,2.7601305505462204,15,345.0,0.12907720535563255,15,345.0
2730.0,15,63.0,0.4666666666666667,2.9636451147341534,15,351.0,0.131585011738505,15,351.0
2735.0,14,44.0,0.3235294117647059,2.787082945033289,14,363.0,0.1254665657377782,14,363.0
2740.0,19,53.0,0.3897058823529412,2.9948718072921072,19,368.0,0.1266930265498704,19,368.0
2745.0,18,56.0,0.4057971014492754,2.7684285794292367,18,409.0,0.12575617747375767,18,409.0
2750.0,15,44.0,0.32116788321167883,2.875327026498797,15,390.0,0.12765199730715465,15,390.0
2755.0,17,42.0,0.302158273381295,2.8197174557151774,17,390.0,0.11899267310591169,17,390.0
2760.0,15,52.0,0.37681159420289856,3.2067249758873544,15,366.0,0.12746931907498057,15,366.0
2765.0,16,49.0,0.35766423357664234,2.9722040063356183,16,391.0,0.12793715302224518,16,391.0
2770.0,15,42.0,0.302158273381295,3.1337878204320866,15,376.0,0.1266824377850536,15,376.0
2775.0,13,32.0,0.2302158273381295,3.0380909097212934,13,385.0,0.12896305882986622,13,385.0
2780.0,11,35.0,0.25925925925925924,3.1704141380203517,11,370.0,0.14176364128704677,11,370.0
2785.0,14,45.0,0.3284671532846715,2.9096321004796875,14,394.0,0.13035339600162962,14,394.0
2790.0,15,56.0,0.4117647058823529,3.0274680268264262,15,372.0,0.1314693451711761,15,372.0
2795.0,12,39.0,0.2867647058823529,3.1278522309852312,12,382.0,0.13666304066311952,12,382.0
2800.0,13,41.0,0.3014705882352941,3.2272006224585206,13,370.0,0.13798726935575803,13,370.0
2805.0,15,32.0,0.2318840579710145,3.2433106288188736,15,373.0,0.1370305310697503,15,373.0
2810.0,10,36.0,0.26666666666666666,3.161027591708058,10,370.0,0.14433840298322148,10,370.0
2815.0,11,29.0,0.21481481481481482,3.008905628413594,11,363.0,0.14148395353983673,11,363.0
2820.0,12,36.0,0.26666666666666666,3.0960970163929837,12,330.0,0.14072535364355093,12,330.0
2825.0,11,33.0,0.24812030075187969,3.102368429525513,11,328.0,0.14878134872859305,11,328.0
2830.0,14,44.0,0.32116788321167883,3.278453705796029,14,290.0,0.1358049367300649,14,290.0
2835.0,12,34.0,0.25,3.262160058039389,12,303.0,0.14357487277986042,12,303.0
2840.0,11,26.0,0.1925925925925926,3.438937382056308,11,276.0,0.15585002888783683,11,276.0
2845.0,9,21.0,0.1590909090909091,3.195074152492251,9,267.0,0.1523392419102534,9,267.0
2850.0,9,27.0,0.20454545454545456,3.2357057681089905,9,237.0,0.14717980457922333,9,237.0
2855.0,8,23.0,0.17037037037037037,3.381717204087552,8,214.0,0.15237165553042162,8,214.0
2860.0,11,29.0,0.21804511278195488,3.4290607337583197,11,195.0,0.1549340167320692,11,195.0
2865.0,12,27.0,0.20454545454545456,3.1661630712547963,12,201.0,0.1438377193195501,12,201.0
2870.0,12,42.0,0.3181818181818182,3.1189751134922665,12,196.0,0.13586603931857147,12,196.0
2875.0,14,43.0,0.3233082706766917,2.8693488126008364,14,215.0,0.12669803507760025,14,215.0
2880.0,16,49.0,0.3656716417910448,3.104760276743278,16,202.0,0.12184244938602175,16,202.0
2885.0,16,46.0,0.3357664233576642,3.2734299215336695,16,249.0,0.12814527707314002,16,249.0
2890.0,12,36.0,0.26666666666666666,3.2506526178117507,12,253.0,0.13227442354335772,12,253.0
2895.0,12,31.0,0.23134328358208955,2.9101442518221656,12,287.0,0.1202798907438998,12,287.0
2900.0,11,42.0,0.32061068702290074,2.971565909290809,11,292.0,0.12636985794762864,11,292.0
2905.0,15,44.0,0.3333333333333333,2.714075222332553,15,315.0,0.1251740604727883,15,315.0
2910.0,14,55.0,0.4166666666666667,2.7088779114049903,14,315.0,0.11998629842996746,14,315.0
2915.0,19,58.0,0.4393939393939394,2.7170381032272055,19,366.0,0.11893063677249369,19,366.0
2920.0,18,54.0,0.40298507462686567,2.8440857807512745,18,378.0,0.12469819095588325,18,378.0
2925.0,13,40.0,0.3007518796992481,2.751736777603,13,382.0,0.11913754767364934,13,382.0
2930.0,13,45.0,0.3383458646616541,2.901034975955477,13,389.0,0.12319216099020672,13,389.0
2935.0,17,52.0,0.39097744360902253,2.6468323077077627,17,424.0,0.11929968028655974,17,424.0
2940.0,17,72.0,0.5373134328358209,2.9068068880318414,17,420.0,0.11600360786752867,17,420.0
2945.0,16,58.0,0.43609022556390975,2.629252930784832,16,455.0,0.11406500811520892,16,455.0
2950.0,14,40.0,0.2962962962962963,2.782927158295332,14,428.0,0.11594314460848322,14,428.0
2955.0,15,42.0,0.31343283582089554,2.7642131955907567,15,464.0,0.12669294444248136,15,464.0
2960.0,15,47.0,0.34814814814814815,2.9062267872661476,15,469.0,0.12653784637500828,15,469.0
2965.0,14,48.0,0.35294117647058826,2.888703521400942,14,475.0,0.12632195507692376,14,475.0
2970.0,13,54.0,0.39705882352941174,2.9111787123442703,13,423.0,0.1221275858664336,13,423.0
2975.0,17,50.0,0.37037037037037035,2.8178124395283186,17,462.0,0.13016846292217094,17,462.0
2980.0,15,49.0,0.362962962962963,3.033091957053619,15,466.0,0.13345909095938632,15,466.0
2985.0,15,46.0,0.34328358208955223,2.8625462433120674,15,486.0,0.1288355545358274,15,486.0
2990.0,18,62.0,0.4492753623188406,2.954238447387421,18,471.0,0.12628755380979612,18,471.0
2995.0,15,58.0,0.42028985507246375,2.7752123007987124,15,489.0,0.12447850662293876,15,489.0
3000.0,19,53.0,0.38405797101449274,3.024656577333749,19,496.0,0.12985472757997346,19,496.0
3005.0,17,52.0,0.3880597014925373,2.725984614145542,17,528.0,0.1323341897255091,17,528.0
3010.0,17,51.0,0.3722627737226277,2.986907263522366,17,509.0,0.13469323645597253,17,509.0
3015.0,13,41.0,0.3014705882352941,2.8414140515504553,13,531.0,0.12816425582229743,13,531.0
3020.0,14,46.0,0.34074074074074073,3.0150574833378454,14,496.0,0.13868816865472888,14,496.0
3025.0,11,39.0,0.2846715328467153,2.9661422219610882,11,497.0,0.13861066100152436,11,497.0
3030.0,13,37.0,0.27007299270072993,2.9532372015655675,13,484.0,0.13587321451938816,13,484.0
3035.0,14,43.0,0.3161764705882353,2.7669240842416407,14,504.0,0.1292126103410976,14,504.0
3040.0,14,53.0,0.38686131386861317,3.1273304718245543,14,479.0,0.13774772254893944,14,479.0
3045.0,11,43.0,0.31386861313868614,2.9102113022728537,11,481.0,0.1344398848478757,11,481.0
3050.0,15,48.0,0.35036496350364965,2.9538226864770443,15,430.0,0.13042002240036532,15,430.0
3055.0,14,41.0,0.2949640287769784,2.978608311818125,14,441.0,0.12858240134905446,14,441.0
3060.0,15,39.0,0.2826086956521739,3.1388807365422777,15,433.0,0.1388656741006618,15,433.0
3065.0,13,31.0,0.22302158273381295,3.132302223251948,13,412.0,0.1334879370880137,13,412.0
3070.0,13,41.0,0.29285714285714287,3.1806115817778515,13,387.0,0.13510582315313843,13,387.0
3075.0,13,35.0,0.24647887323943662,3.205910073836688,13,403.0,0.1309133083691895,13,403.0
3080.0,14,55.0,0.39568345323741005,3.228940362616611,14,407.0,0.14068335779470179,14,407.0
3085.0,13,47.0,0.34057971014492755,2.9972645690908823,13,423.0,0.13435096641910127,13,423.0
3090.0,14,46.0,0.33093525179856115,2.925754703556447,14,393.0,0.13083971125057253,14,393.0
3095.0,12,39.0,0.2846715328467153,2.890542588122569,12,385.0,0.13421113853400884,12,385.0
3100.0,13,40.0,0.29411764705882354,2.9740052980186604,13,368.0,0.13276149902597734,13,368.0
3105.0,12,35.0,0.25735294117647056,3.013392160732257,12,383.0,0.13579941151693994,12,383.0
3110.0,13,46.0,0.3382352941176471,3.156430484619142,13,346.0,0.12594905015093671,13,346.0
3115.0,10,36.0,0.26277372262773724,3.024154766281674,10,342.0,0.126967079425562,10,342.0
3120.0,12,39.0,0.28888888888888886,3.1051151236735315,12,331.0,0.13458576689372298,12,331.0
3125.0,11,36.0,0.26865671641791045,2.9976188655011784,11,353.0,0.1354074877167424,11,353.0
3130.0,12,37.0,0.2740740740740741,3.0758074844599057,12,332.0,0.12975207756502138,12,332.0
3135.0,12,32.0,0.23703703703703705,2.841527787160808,12,344.0,0.12331032679354834,12,344.0
3140.0,13,45.0,0.33088235294117646,3.1817087554105505,13,325.0,0.13425758709007496,13,325.0
3145.0,12,48.0,0.3582089552238806,3.141481310830219,12,335.0,0.13152589552080451,12,335.0
3150.0,16,54.0,0.40601503759398494,3.1394034721858515,16,322.0,0.12528627775206433,16,322.0
3155.0,14,46.0,0.35384615384615387,2.872662633315398,14,344.0,0.13375257339714078,14,344.0
3160.0,15,43.0,0.3282442748091603,3.1845717988881055,15,303.0,0.1281792586015362,15,303.0
3165.0,13,41.0,0.3106060606060606,3.1829295121499763,13,337.0,0.12817611064688275,13,337.0
3170.0,16,39.0,0.291044776119403,3.3087942478157166,16,332.0,0.12901516964060483,16,332.0
3175.0,13,30.0,0.22727272727272727,3.1318563419616408,13,337.0,0.12856116977437562,13,337.0
3180.0,15,44.0,0.3333333333333333,3.19062690409117,15,342.0,0.1280230496442832,15,342.0
3185.0,13,43.0,0.3359375,2.8743281107391505,13,365.0,0.13521107669150073,13,365.0
3190.0,15,51.0,0.38636363636363635,3.273178986371175,15,361.0,0.1393489679565279,15,361.0
3195.0,16,48.0,0.36363636363636365,2.8955499403925433,16,393.0,0.12890878053623797,16,393.0
3200.0,16,54.0,0.4090909090909091,3.0127472573553145,16,405.0,0.1295232451445802,16,405.0
3205.0,18,55.0,0.4198473282442748,2.9316096786962165,18,428.0,0.13308725162561655,18,428.0
3210.0,14,47.0,0.3560606060606061,2.9961705074220717,14,387.0,0.12418882267529929,14,387.0
3215.0,17,42.0,0.3157894736842105,3.0485019167447045,17,413.0,0.13181070838578898,17,413.0
3220.0,14,45.0,0.3383458646616541,2.9991760039147017,14,412.0,0.13738205017532215,14,412.0
3225.0,11,35.0,0.25925925925925924,3.0984832482438476,11,408.0,0.1326878230322416,11,408.0
3230.0,13,34.0,0.2518518518518518,3.145370291960804,13,369.0,0.1378341846957075,13,369.0
3235.0,11,28.0,0.208955223880597,3.23837989687927,11,360.0,0.14047684670281907,11,360.0
3240.0,12,28.0,0.21052631578947367,3.364520370639452,12,324.0,0.1477755836391003,12,324.0
3245.0,13,24.0,0.18045112781954886,3.1900398633080544,13,317.0,0.143566434303675,13,317.0
3250.0,11,33.0,0.24812030075187969,3.338703231839794,11,292.0,0.14959957065021218,11,292.0
3255.0,13,32.0,0.24060150375939848,2.9515253805540707,13,304.0,0.1330654622016467,13,304.0
3260.0,17,55.0,0.41044776119402987,3.044699338032514,17,307.0,0.13109405183172587,17,307.0
3265.0,17,62.0,0.4626865671641791,2.912922835396196,17,316.0,0.12480719139198536,17,316.0
3270.0,18,64.0,0.4740740740740741,3.0512099262473886,18,319.0,0.12772776427624832,18,319.0
3275.0,16,54.0,0.40298507462686567,2.9745085290493596,16,344.0,0.13099212729633555,16,344.0
3280.0,16,54.0,0.39416058394160586,3.1836219313107113,16,366.0,0.13132329965624465,16,366.0
3285.0,16,40.0,0.291970802919708,2.826111225051833,16,390.0,0.1201679189531884,16,390.0
3290.0,15,45.0,0.32608695652173914,3.0916423653070564,15,377.0,0.13481840218579014,15,377.0
3295.0,14,48.0,0.34532374100719426,2.854731261001744,14,405.0,0.12254630721724992,14,405.0
3300.0,16,52.0,0.38235294117647056,2.938858612811893,16,394.0,0.12424474912217004,16,394.0
3305.0,15,40.0,0.29411764705882354,3.0929172594699357,15,419.0,0.14441781834079015,15,419.0
3310.0,15,44.0,0.3235294117647059,3.4386192443434718,15,381.0,0.14498021841215292,15,381.0
3315.0,13,39.0,0.2846715328467153,3.2055453981902478,13,405.0,0.14307862575231112,13,405.0
3320.0,14,52.0,0.37681159420289856,3.1743383669132825,14,421.0,0.1446234932001215,14,421.0
3325.0,11,33.0,0.24087591240875914,3.070169803901103,11,418.0,0.13865462037995388,11,418.0
3330.0,14,42.0,0.302158273381295,3.268415984881613,14,401.0,0.1384563911370746,14,401.0
3335.0,12,33.0,0.23741007194244604,3.092886134054673,12,406.0,0.14786517507696925,12,406.0
3340.0,15,36.0,0.2589928057553957,3.065206132076557,15,383.0,0.13834028253160452,15,383.0
3345.0,11,30.0,0.2158273381294964,3.040890478466321,11,404.0,0.14242504946171256,11,404.0
3350.0,10,38.0,0.2714285714285714,3.2261340179510842,10,384.0,0.14124001723173388,10,384.0
3355.0,10,31.0,0.2246376811594203,3.127237297369702,10,369.0,0.1403805055478137,10,369.0
3360.0,14,37.0,0.26618705035971224,3.2896979016624828,14,316.0,0.13992755955765462,14,316.0
3365.0,13,35.0,0.25735294117647056,3.0656131761018366,13,350.0,0.14242141107494244,13,350.0
3370.0,15,43.0,0.30935251798561153,3.2346808418763717,15,370.0,0.13863930395779914,15,370.0
3375.0,13,32.0,0.2302158273381295,3.0747190120677343,13,376.0,0.1431982567524834,13,376.0
3380.0,13,36.0,0.2589928057553957,3.1277554827468137,13,330.0,0.1380892590737375,13,330.0
3385.0,11,36.0,0.2589928057553957,3.0199988087826846,11,350.0,0.12753132635049858,11,350.0
3390.0,15,48.0,0.34532374100719426,3.0890546188619665,15,342.0,0.1282553390075438,15,342.0
3395.0,17,43.0,0.30714285714285716,3.0016449558684593,17,359.0,0.12108351664583332,17,359.0
3400.0,15,49.0,0.35766423357664234,3.175513030862037,15,320.0,0.13047343233420974,15,320.0
3405.0,15,55.0,0.40145985401459855,3.016246759726644,15,334.0,0.1341953205592093,15,334.0
3410.0,15,43.0,0.30935251798561153,3.0780294626053983,15,348.0,0.12955404041504795,15,348.0
3415.0,14,35.0,0.2536231884057971,2.980740616929256,14,376.0,0.13064033419213758,14,376.0
3420.0,13,38.0,0.2733812949640288,3.142150828445784,13,351.0,0.1296462978308358,13,351.0
3425.0,12,32.0,0.22535211267605634,3.101834812935899,12,368.0,0.1293656511670442,12,368.0
3430.0,13,42.0,0.3,3.169411664245952,13,327.0,0.12822371839379934,13,327.0
3435.0,11,33.0,0.2391304347826087,3.073461404814584,11,339.0,0.13728690447857075,11,339.0
3440.0,14,38.0,0.2773722627737226,3.320611706189141,14,326.0,0.14305964478561556,14,326.0
3445.0,12,35.0,0.25925925925925924,3.042875765548904,12,337.0,0.13261807477833765,12,337.0
3450.0,14,44.0,0.3188405797101449,3.192373725479074,14,330.0,0.13976455309892052,14,330.0
3455.0,16,45.0,0.3284671532846715,2.8098194817496926,16,347.0,0.12120014614435945,16,347.0
3460.0,15,45.0,0.33088235294117646,2.972995484597364,15,338.0,0.12231672047024572,15,338.0
3465.0,14,45.0,0.3333333333333333,2.7956703022801364,14,352.0,0.12618019664727312,14,352.0
3470.0,15,49.0,0.35766423357664234,2.9743965669669983,15,352.0,0.12237923144723692,15,352.0
3475.0,13,43.0,0.31386861313868614,2.767515016081296,13,380.0,0.11699012876289774,13,380.0
3480.0,14,46.0,0.32857142857142857,3.127848570735122,14,363.0,0.11696937353973824,14,363.0
3485.0,13,46.0,0.3382352941176471,2.85728844877254,13,389.0,0.12399513106241423,13,389.0
3490.0,17,44.0,0.31654676258992803,3.064432058471273,17,388.0,0.12602304292442618,17,388.0
3495.0,16,47.0,0.34558823529411764,2.724528247733261,16,409.0,0.11865502111605722,16,409.0
3500.0,17,45.0,0.3237410071942446,2.898422497066636,17,396.0,0.11941448262720074,17,396.0
3505.0,11,39.0,0.2826086956521739,2.773486998961337,11,389.0,0.11893092257749602,11,389.0
3510.0,13,46.0,0.32857142857142857,3.024723175454644,13,392.0,0.11576614219624778,13,392.0
3515.0,16,51.0,0.3695652173913043,2.7493869164479507,16,418.0,0.11623922960163675,16,418.0
3520.0,18,58.0,0.42028985507246375,3.012149990240992,18,419.0,0.12670644993794566,18,419.0
3525.0,17,57.0,0.41304347826086957,2.853284583577517,17,467.0,0.12482308014052382,17,467.0
3530.0,18,64.0,0.47058823529411764,2.7579227897169605,18,479.0,0.12371772832660809,18,479.0
3535.0,17,56.0,0.4117647058823529,2.616236212626639,17,518.0,0.11913224727035875,17,518.0
3540.0,17,58.0,0.42028985507246375,2.7653268561939965,17,514.0,0.11735112797300223,17,514.0
3545.0,17,54.0,0.39416058394160586,2.636833518397736,17,541.0,0.11763053795536425,17,541.0
3550.0,14,53.0,0.3897058823529412,2.8671556919502876,14,546.0,0.12272000430740501,14,546.0
3555.0,20,48.0,0.34532374100719426,2.666012277056402,20,571.0,0.12270786715493054,20,571.0
3560.0,15,46.0,0.33093525179856115,2.9177355927927313,15,548.0,0.12754203276018608,15,548.0
3565.0,12,38.0,0.2773722627737226,2.9013020100511646,12,536.0,0.13056291277976792,12,536.0
3570.0,16,46.0,0.3357664233576642,2.8758721756942704,16,509.0,0.12334399335769643,16,509.0
3575.0,10,29.0,0.21014492753623187,2.9207408291813466,10,484.0,0.1261736622311121,10,484.0
3580.0,15,39.0,0.2867647058823529,3.271237687882957,15,462.0,0.13348410472430153,15,462.0
3585.0,12,34.0,0.24817518248175183,3.0703937170182347,12,463.0,0.13537940453000719,12,463.0
3590.0,14,41.0,0.29927007299270075,3.011984934658951,14,427.0,0.13634189544073458,14,427.0
3595.0,16,37.0,0.27007299270072993,2.867984487120196,16,431.0,0.130853107651195,16,431.0
3600.0,15,43.0,0.3161764705882353,3.0827729472097976,15,417.0,0.13666144539866235,15,417.0
3605.0,11,38.0,0.2773722627737226,3.0114703922134267,11,417.0,0.1346548111579568,11,417.0
3610.0,14,43.0,0.3115942028985507,3.022827484339784,14,380.0,0.13155110854477362,14,380.0
3615.0,14,42.0,0.30434782608695654,2.8472560422399673,14,401.0,0.1236994494256491,14,401.0
3620.0,14,42.0,0.30434782608695654,2.9463409033193173,14,390.0,0.1280913556028417,14,390.0
3625.0,13,42.0,0.3088235294117647,2.6691440889412545,13,406.0,0.12046627851064869,13,406.0
3630.0,15,56.0,0.4057971014492754,2.834838640640412,15,371.0,0.1197473654087406,15,371.0
3635.0,17,52.0,0.37681159420289856,2.5840500130798856,17,397.0,0.11448944335140795,17,397.0
3640.0,17,60.0,0.43478260869565216,2.780661522135134,17,389.0,0.11629069981055325,17,389.0
3645.0,14,55.0,0.40145985401459855,2.539004655872072,14,395.0,0.11082672984983968,14,395.0
3650.0,14,44.0,0.3120567375886525,2.8511355720702283,14,356.0,0.1166543655262732,14,356.0
3655.0,16,39.0,0.2785714285714286,2.628563948591165,16,384.0,0.10823085804174656,16,384.0
3660.0,16,43.0,0.3028169014084507,2.8874422835594182,16,367.0,0.10940553922902264,16,367.0
3665.0,10,37.0,0.2642857142857143,2.8098761220877906,10,356.0,0.11298839364796788,10,356.0
3670.0,14,42.0,0.30434782608695654,2.906086821442876,14,343.0,0.11976676589475807,14,343.0
3675.0,10,24.0,0.17142857142857143,2.7360464673455756,10,360.0,0.11210432713309436,10,360.0
3680.0,13,37.0,0.2642857142857143,3.1026938564200575,13,338.0,0.12034489905070085,13,338.0
3685.0,11,33.0,0.2391304347826087,2.9850739318919692,11,347.0,0.12247173514360492,11,347.0
3690.0,15,50.0,0.36496350364963503,2.9460641215163537,15,331.0,0.11735792973736496,15,331.0
3695.0,11,44.0,0.32116788321167883,2.8851018095278502,11,353.0,0.12109956250958354,11,353.0
3700.0,13,45.0,0.33088235294117646,2.859460215286474,13,347.0,0.12172081477428422,13,347.0
3705.0,14,44.0,0.3235294117647059,2.577739035348827,14,378.0,0.11439229046273885,14,378.0
3710.0,13,42.0,0.30656934306569344,2.8842845656028193,13,349.0,0.11625283422606987,13,349.0
3715.0,10,32.0,0.23357664233576642,2.8962396412918827,10,344.0,0.12114284262318226,10,344.0
3720.0,10,28.0,0.20437956204379562,3.0374868334042167,10,309.0,0.12278323395837737,10,309.0
3725.0,14,30.0,0.2158273381294964,2.9817757200083017,14,322.0,0.12087343974400852,14,322.0
3730.0,11,43.0,0.31851851851851853,2.8895493280688496,11,309.0,0.12213686383553193,11,309.0
3735.0,14,50.0,0.36764705882352944,2.731576039533193,14,298.0,0.11738887928665613,14,298.0
3740.0,16,59.0,0.43703703703703706,2.881401119388682,16,321.0,0.12082020160401138,16,321.0
3745.0,16,50.0,0.373134328358209,2.5812901388486758,16,358.0,0.11891242325752911,16,358.0
3750.0,17,52.0,0.37681159420289856,2.810972280388702,17,372.0,0.12164740741793234,17,372.0
3755.0,16,46.0,0.3357664233576642,2.620108188134249,16,402.0,0.11553615935705089,16,402.0
3760.0,18,57.0,0.41605839416058393,2.8274581821766644,18,367.0,0.11365301577840238,18,367.0
3765.0,15,47.0,0.34558823529411764,2.8069311008634363,15,403.0,0.12242320356852403,15,403.0
3770.0,12,39.0,0.2846715328467153,3.1348580041027017,12,381.0,0.12258405060468294,12,381.0
3775.0,11,27.0,0.19708029197080293,3.1747647802551686,11,388.0,0.1283598502711392,11,388.0
3780.0,11,30.0,0.2222222222222222,3.248300046832489,11,387.0,0.14413511956088326,11,387.0
3785.0,7,21.0,0.15671641791044777,3.0617574151368823,7,377.0,0.1395696563685781,7,377.0
3790.0,9,25.0,0.1865671641791045,3.0551488531725286,9,345.0,0.13332801625675106,9,345.0
3795.0,9,27.0,0.20454545454545456,2.8516459188099472,9,346.0,0.13543482207729646,9,346.0
3800.0,11,39.0,0.29545454545454547,3.122302882173668,11,323.0,0.14258786679323596,11,323.0
3805.0,13,41.0,0.3037037037037037,2.7838845281034734,13,337.0,0.1269370025328659,13,337.0
3810.0,16,67.0,0.4962962962962963,2.995335389733061,16,336.0,0.13193218155391223,16,336.0
3815.0,15,53.0,0.3897058823529412,2.931154845398897,15,338.0,0.12227703048188583,15,338.0
3820.0,15,50.0,0.36764705882352944,3.142237541081546,15,303.0,0.131993194174631,15,303.0
3825.0,17,48.0,0.35555555555555557,3.0046726333952427,17,317.0,0.12463592888728163,17,317.0
3830.0,15,52.0,0.38235294117647056,2.971766216809483,15,340.0,0.12100572064927816,15,340.0
3835.0,15,38.0,0.2857142857142857,2.603168456143633,15,363.0,0.11349108533149209,15,363.0
3840.0,12,41.0,0.3106060606060606,2.9455472633358344,12,346.0,0.1261335680007057,12,346.0
3845.0,13,35.0,0.26717557251908397,2.9015363858332703,13,353.0,0.12480885165983956,13,353.0
3850.0,12,38.0,0.296875,2.94310143042538,12,310.0,0.12434923517075756,12,310.0
3855.0,10,31.0,0.24031007751937986,3.1299004619398008,10,328.0,0.1315705863183756,10,328.0
3860.0,11,29.0,0.2265625,3.503648135198826,11,309.0,0.13959478024781874,11,309.0
3865.0,13,36.0,0.2903225806451613,3.360729945610492,13,302.0,0.1370421601499094,13,302.0
3870.0,14,54.0,0.43902439024390244,3.5300353527264337,14,314.0,0.14083503134467734,14,314.0
3875.0,11,40.0,0.3333333333333333,3.217664501975866,11,329.0,0.1301756130532959,11,329.0
3880.0,14,46.0,0.38333333333333336,3.4547589934520264,14,308.0,0.12702243887917408,14,308.0
3885.0,14,42.0,0.3684210526315789,3.104710637766277,14,322.0,0.1320905276881444,14,322.0
3890.0,12,46.0,0.40350877192982454,3.321985517813088,12,338.0,0.12462571699348216,12,338.0
3895.0,17,47.0,0.41964285714285715,2.881102012415204,17,364.0,0.12039816749203121,17,364.0
3900.0,15,52.0,0.46846846846846846,3.206690144287756,15,387.0,0.1395529910464125,15,387.0
3905.0,15,48.0,0.4444444444444444,2.9247204545646213,15,392.0,0.1247500140343233,15,392.0
3910.0,16,54.0,0.4909090909090909,3.349770029097006,16,384.0,0.12378838236601186,16,384.0
3915.0,13,46.0,0.42201834862385323,3.2625215605892364,13,410.0,0.13304774474084194,13,410.0
3920.0,12,42.0,0.3925233644859813,3.422018999633768,12,377.0,0.13640302696471385,12,377.0
3925.0,15,42.0,0.4,3.284478167855793,15,404.0,0.12514659664212158,15,404.0
3930.0,13,41.0,0.4019607843137255,3.2562218217287,13,402.0,0.12788387953636515,13,402.0
3935.0,12,40.0,0.4,3.040781325212592,12,408.0,0.1211330128828559,12,408.0
3940.0,14,50.0,0.49504950495049505,3.4244213701456965,14,362.0,0.11567352724986396,14,362.0
3945.0,10,37.0,0.38144329896907214,3.205854489420563,10,380.0,0.12088917336800732,10,380.0
3950.0,13,42.0,0.4329896907216495,3.6824196075026205,13,365.0,0.13542405321303055,13,365.0
3955.0,13,41.0,0.43157894736842106,3.253279087586476,13,371.0,0.11666153601025164,13,371.0
3960.0,18,43.0,0.4479166666666667,3.497630113108857,18,360.0,0.11483219879017885,18,360.0
3965.0,13,40.0,0.425531914893617,3.407518641977781,13,388.0,0.12525428594498167,13,388.0
3970.0,14,46.0,0.5054945054945055,3.8105128766067495,14,375.0,0.13299734348418307,14,375.0
3975.0,13,44.0,0.5,3.583106245644099,13,390.0,0.12279061251632875,13,390.0
3980.0,10,32.0,0.38095238095238093,3.6722335120886216,10,335.0,0.12867713496329455,10,335.0
3985.0,10,31.0,0.3780487804878049,3.86001256183526,10,344.0,0.1400039067328037,10,344.0
3990.0,10,39.0,0.4936708860759494,4.244525803124186,10,316.0,0.12448824726375723,10,316.0
3995.0,8,25.0,0.32894736842105265,4.479845409167159,8,296.0,0.14900604580436508,8,296.0
4000.0,9,25.0,0.3472222222222222,4.636271633686209,9,264.0,0.1551020377380804,9,264.0
4005.0,7,24.0,0.35294117647058826,4.235699199654849,7,269.0,0.13102715638143786,7,269.0
4010.0,7,19.0,0.296875,4.447167685952527,7,241.0,0.14158732286693787,7,241.0
4015.0,5,11.0,0.1896551724137931,4.274686526726172,5,224.0,0.1704556271998907,5,224.0
4020.0,7,25.0,0.44642857142857145,4.161433292587756,7,199.0,0.14920873334419046,7,199.0
4025.0,7,23.0,0.41818181818181815,3.9060548258801324,7,195.0,0.11055762063864348,7,195.0
4030.0,5,13.0,0.24528301886792453,4.867298690443899,5,177.0,0.16723087743092716,5,177.0
4035.0,3,5.0,0.10638297872340426,4.207965127771449,3,140.0,0.1528498207537875,3,140.0
4040.0,9,33.0,0.717391304347826,3.573693189960772,9,172.0,0.0946977481425664,9,172.0
4045.0,8,30.0,0.6976744186046512,3.3268331913800835,8,174.0,0.10898931242561705,8,174.0
4050.0,4,11.0,0.2558139534883721,4.905906767878701,4,134.0,0.15837338892625985,4,134.0
4055.0,4,5.0,0.1282051282051282,4.415791932466103,4,139.0,0.13300650331708788,4,139.0
4060.0,7,28.0,0.7777777777777778,3.5279391406149903,7,166.0,0.11771526202236406,7,166.0
4065.0,7,27.0,0.75,4.089058046342221,7,165.0,0.13827318628598995,7,165.0
4070.0,4,8.0,0.22857142857142856,5.1511022673003986,4,121.0,0.1432735692967907,4,121.0
4075.0,3,5.0,0.15625,5.23406603315529,3,121.0,0.16256621405390884,3,121.0
4080.0,7,22.0,0.7333333333333333,4.617078738967913,7,143.0,0.1408917159288046,7,143.0
4085.0,7,23.0,0.7931034482758621,4.104535941492266,7,143.0,0.07588240390982584,7,143.0
4090.0,4,8.0,0.2857142857142857,6.636779164499556,4,84.0,0.16373059652367322,4,84.0
4095.0,2,3.0,0.125,6.786817203944378,2,82.0,0.23597405835322585,2,82.0
4100.0,7,25.0,1.1363636363636365,4.954185771798303,7,104.0,0.08250576854512934,7,104.0
4105.0,6,20.0,0.9090909090909091,4.986954403756001,6,103.0,0.05921848035653243,6,103.0
4110.0,0,0.0,0.0,8.495063704647581,0,60.0,0.2718551538804457,0,60.0
4115.0,2,2.0,0.11764705882352941,6.974718886154692,2,62.0,0.09678810672274729,2,62.0
4120.0,8,32.0,2.2857142857142856,5.131856354903688,8,92.0,0.0007161552576594705,8,92.0
4125.0,2,14.0,1.0,6.691935852909517,2,85.0,0.12970770447456212,2,85.0
4130.0,0,0.0,0.0,10.541200209337335,0,24.0,0.5778021242291509,0,24.0
4135.0,1,4.0,0.4,11.344480218100928,1,19.0,0.0,1,19.0
4140.0,1,9.0,1.125,11.461875763024363,1,24.0,0.0,1,24.0
4145.0,0,0.0,0.0,11.775453407544614,0,0.0,1.0,0,0.0
4150.0,0,0.0,0.0,12.842726261184533,0,0.0,1.0,0,0.0
4155.0,0,0.0,0.0,10.578603899991139,0,0.0,1.0,0,0.0
4160.0,0,0.0,0.0,11.077046114299446,0,0.0,1.0,0,0.0
4165.0,0,0.0,0.0,10.953853038791566,0,0.0,1.0,0,0.0
4170.0,0,0.0,0.0,10.99813728905283,0,0.0,1.0,0,0.0
4175.0,0,0.0,0.0,0.0,0,0.0,1.0,0,0.0
